,Name,Favorite_Song,Mother,Father,GrandMother,GrandFather,I_LOC,Mother_I_LOC,Father_I_LOC,GrandMother_I_LOC,GrandFather_I_LOC,Cousin
0,SHEMIKA,We Will Rock You,SONG,Easton,Mary,Ralph,C,B,C,B,B,Keshawn
1,LOMA,Mr. Tinkertrain,SONG,Muhammad,Mary,Ralph,A,B,B,B,B,Marc
2,Dominik,Lodi,SONG,Deonte,Mary,Ralph,A,B,C,B,B,MAGDALEN
3,Brad,Helter Skelter,SONG,Kamron,Mary,Ralph,B,B,B,B,B,Conner
4,Willie,South California Purples,SONG,Kamron,Mary,Ralph,C,B,B,B,B,Emanuel
5,ESSIE,THE CONTINUING STORY OF BUNG,SONG,Lincoln,Mary,Ralph,A,B,A,B,B,Clayton
6,Pierre,Owner of a Lonely Heart,SONG,Kane,Mary,Ralph,C,B,C,B,B,Josiah
7,August,Rosewood Bitters,SONG,Samir,Mary,Ralph,C,B,A,B,B,NOELIA
8,Emanuel,Right Down the Line,SONG,Vincent,Mary,Ralph,C,B,B,B,B,NORAH
9,LUIS,It Wasn't Me,SONG,Bernard,Mary,Ralph,B,B,A,B,B,BARBERA
10,LAVINA,I Can't Quit You Baby,SONG,Tommy,Mary,Ralph,C,B,C,B,B,KITTY
11,Judah,Uncle Albert/Admiral Halsey,SONG,Vincenzo,Mary,Ralph,A,B,A,B,B,RENATE
12,SHANE,I Feel Fine,SONG,Tristin,Mary,Ralph,A,B,B,B,B,Eddie
13,ESTELLA,Blackbird,SONG,Heriberto,Mary,Ralph,C,B,A,B,B,BONITA
14,ROSEMARIE,I'm A Man,SONG,Kameron,Mary,Ralph,C,B,B,B,B,Judah
15,ELMA,Hotel Illness,SONG,Dashawn,Mary,Ralph,A,B,A,B,B,Cole
16,HOA,Night Prowler,SONG,Eli,Mary,Ralph,B,B,A,B,B,INGER
17,STORMY,Green River,SONG,Reid,Mary,Ralph,A,B,A,B,B,RETHA
18,REGENA,Wild Wild Life,SONG,Douglas,Mary,Ralph,C,B,C,B,B,Sabastian
19,Ismael,To Hell With the Devil,SONG,Douglas,Mary,Ralph,B,B,C,B,B,GAIL
20,Emilio,The Break Up Song,SONG,Douglas,Mary,Ralph,C,B,C,B,B,Royce
21,Jakob,Hocus Pocus,GWENN,Easton,Pat,Ralph,B,B,C,B,B,Dandre
22,JACQUILINE,You Can't Always Get What You Want,GWENN,Lincoln,Pat,Ralph,A,B,A,B,B,ECHO
23,RAGUEL,Highway Star,GWENN,Vincent,Pat,Ralph,A,B,B,B,B,BRITTA
24,Xander,Fooled around and Fell in Love,GWENN,Vincent,Pat,Ralph,B,B,B,B,B,ETHYL
25,ZENOBIA,Top of the World,GWENN,Vincenzo,Pat,Ralph,A,B,A,B,B,THUY
26,KENIA,Sweet Home Alabama,GWENN,Tristin,Pat,Ralph,A,B,B,B,B,MARYBETH
27,Dan,She's a Rainbow,GWENN,Tristin,Pat,Ralph,A,B,B,B,B,Blaze
28,Nigel,Changes,GWENN,Tristin,Pat,Ralph,C,B,B,B,B,MELANIA
29,LEANA,All Star,GWENN,Eli,Pat,Ralph,C,B,A,B,B,ROBBIN
30,Wesley,Lay Down Sally,GWENN,Derrick,Pat,Ralph,C,B,A,B,B,Connor
31,Marvin,Never,GWENN,Anderson,Pat,Ralph,C,B,B,B,B,Carson
32,Marcus,You're Going To Lose That Girl,GWENN,Anderson,Pat,Ralph,A,B,B,B,B,Leon
33,BRITTA,Layla,GWENN,Marques,Pat,Ralph,A,B,C,B,B,JAYNA
34,CAROLA,Threshold/Jet Airliner,GWENN,Ralph,Pat,Ralph,C,B,B,B,B,Tyree
35,JULIA,Best Of Both Worlds,GWENN,Glenn,Pat,Ralph,C,B,C,B,B,Kendrick
36,Rogelio,Pulling Mussels,GWENN,Javon,Pat,Ralph,B,B,B,B,B,MISTI
37,Bryson,Tired of Waiting,GWENN,Rogelio,Pat,Ralph,C,B,B,B,B,Turner
38,DEEDEE,Fool for Your Loving,GWENN,Ethan,Pat,Ralph,B,B,A,B,B,Dallin
39,Efrain,Dancing In the Dark,GWENN,Bobby,Pat,Ralph,C,B,C,B,B,Ladarius
40,Augustus,Something To Believe In,GWENN,Warren,Pat,Ralph,A,B,C,B,B,Nickolas
41,Demarco,Fooled around and Fell in Love,GWENN,Howard,Pat,Ralph,C,B,A,B,B,GERALDINE
42,LINNEA,Wicked Sensation,SHAROLYN,Easton,Mary,Ralph,B,A,C,A,A,Octavio
43,Dustin,Sgt. Pepper Inner Groove,SHAROLYN,Samir,Mary,Ralph,C,A,A,A,A,CLARIBEL
44,Marc,We're Ready,SHAROLYN,Vincent,Mary,Ralph,C,A,B,A,A,Irvin
45,Rashad,We Just Disagree,SHAROLYN,Vincent,Mary,Ralph,A,A,B,A,A,Octavio
46,Rick,Don't Stop Me Now,SHAROLYN,Heriberto,Mary,Ralph,B,A,A,A,A,Demetrius
47,Marcelo,Get Back,SHAROLYN,Kameron,Mary,Ralph,A,A,B,A,A,RENEA
48,LEONORA,TIME IN A BOTTLE,SHAROLYN,Derrick,Mary,Ralph,A,A,A,A,A,KRISTAN
49,SHAWNTA,Rio,SHAROLYN,Derrick,Mary,Ralph,A,A,A,A,A,JENNIFER
50,VONDA,I Don't Care Anymore,SHAROLYN,Gaige,Mary,Ralph,C,A,A,A,A,Kelvin
51,CATHY,When The Levee Breaks,SHAROLYN,Jeremiah,Mary,Ralph,A,A,B,A,A,Asa
52,Salvatore,When You Dance I Can Really Love,SHAROLYN,Billy,Mary,Ralph,C,A,C,A,A,Kirk
53,ROSETTE,Seasons of Wither,SHAROLYN,Ralph,Mary,Ralph,B,A,B,A,A,ELMA
54,DORA,Horizontal Bop,SHAROLYN,Glenn,Mary,Ralph,B,A,C,A,A,Gordon
55,Josiah,You Shook Me All Night Long,SHAROLYN,Glenn,Mary,Ralph,A,A,C,A,A,Conner
56,PHOEBE,Where To Now St. Peter,SHAROLYN,Draven,Mary,Ralph,C,A,A,A,A,Manuel
57,MAVIS,Dogs,SHAROLYN,Tobias,Mary,Ralph,A,A,C,A,A,Jaiden
58,Johnathan,Big Time,SHAROLYN,Tobias,Mary,Ralph,B,A,C,A,A,Jean
59,PEGGIE,Heartbreaker,SHAROLYN,Javon,Mary,Ralph,B,A,B,A,A,ALVA
60,Skylar,Iris,SHAROLYN,Javon,Mary,Ralph,A,A,B,A,A,Gordon
61,GUDRUN,Roll Over Beethoven,SHAROLYN,Rogelio,Mary,Ralph,B,A,B,A,A,Jesus
62,Cody,No No Song,SHAROLYN,Rogelio,Mary,Ralph,A,A,B,A,A,Brennen
63,JAYMIE,Rockin' Into the Night,SHAROLYN,Ethan,Mary,Ralph,A,A,A,A,A,Keon
64,Kavon,Some Kind of Wonderful,SHAROLYN,Ethan,Mary,Ralph,B,A,A,A,A,LUIS
65,Bruno,Hey Nineteen,SHAROLYN,Ethan,Mary,Ralph,B,A,A,A,A,Asa
66,Eddie,IT WON'T BE LONG,SHAROLYN,Bobby,Mary,Ralph,C,A,C,A,A,Koby
67,MELISSA,IT WON'T BE LONG,SHAROLYN,Alfonso,Mary,Ralph,B,A,C,A,A,MIA
68,Zakary,Wishing Well,SHAROLYN,Alfonso,Mary,Ralph,C,A,C,A,A,Clayton
69,Peter,Last Child,SHAROLYN,Alfonso,Mary,Ralph,A,A,C,A,A,JUSTIN
70,Rogelio,Empty Spaces,SHAROLYN,Nigel,Mary,Ralph,C,A,B,A,A,Kevin
71,ESTELLA,No Time,SHAROLYN,Miguel,Mary,Ralph,B,A,B,A,A,Carlos
72,Elijah,Bring It On Home,SHAROLYN,Miguel,Mary,Ralph,B,A,B,A,A,Sincere
73,Lukas,AS FAR AS YOU CAN SEE (AS MU,ILIANA,Easton,Liz,Ralph,C,C,C,C,C,Zander
74,Luca,Women,ILIANA,Muhammad,Liz,Ralph,C,C,B,C,C,Domenic
75,MANDIE,Mistral Wind,ILIANA,Deonte,Liz,Ralph,B,C,C,C,C,Todd
76,Scott,Paint It Black,ILIANA,Deonte,Liz,Ralph,A,C,C,C,C,Nikhil
77,LUANNA,Sirens,ILIANA,Kamron,Liz,Ralph,B,C,B,C,C,JANEAN
78,ETTA,I've Got A Feeling,ILIANA,Samir,Liz,Ralph,B,C,A,C,C,ALVA
79,DELIA,Juke Box Hero,ILIANA,Vincent,Liz,Ralph,A,C,B,C,C,ELSA
80,Johan,Gone Gone Gone,ILIANA,Bernard,Liz,Ralph,A,C,A,C,C,Gustavo
81,BERNADETTE,Life's Been Good,ILIANA,Vincenzo,Liz,Ralph,A,C,A,C,C,DELIA
82,Ty,Mama Kin,ILIANA,Kameron,Liz,Ralph,C,C,B,C,C,CORDELIA
83,KYRA,Epic,ILIANA,Dashawn,Liz,Ralph,B,C,A,C,C,Ross
84,CORALIE,Southbound,ILIANA,Derrick,Liz,Ralph,B,C,A,C,C,Zander
85,SHERY,Modern Love,ILIANA,Jaylin,Liz,Ralph,A,C,B,C,C,CELENA
86,Jerome,Intruder/ Pretty Woman,ILIANA,Jaylin,Liz,Ralph,A,C,B,C,C,KAMI
87,Tristen,UNDERCOVER OF THE NIGHT,ILIANA,Gaige,Liz,Ralph,A,C,A,C,C,CAROLIN
88,Jackie,Thunder Road,ILIANA,Glenn,Liz,Ralph,A,C,C,C,C,ANGEL
89,Ali,Street Corner Serenade,ILIANA,Allan,Liz,Ralph,C,C,B,C,C,ELEANORE
90,MILAGRO,Bell Bottom Blues,ILIANA,Tobias,Liz,Ralph,B,C,C,C,C,EFFIE
91,NICKY,Can't Buy Me Love,ILIANA,Rogelio,Liz,Ralph,A,C,B,C,C,Johan
92,Trever,What If I Came Knocking,ILIANA,Rogelio,Liz,Ralph,C,C,B,C,C,CHRISTAL
93,Zachariah,CAN'T GET IT OUT OF MY HEAD,ILIANA,Garrison,Liz,Ralph,C,C,B,C,C,Domenic
94,Addison,You're In My Heart (The Final Acclaim),ILIANA,Braydon,Liz,Ralph,B,C,C,C,C,DELMA
95,CATHERIN,My Own Worst Enemy,ILIANA,Steven,Liz,Ralph,A,C,A,C,C,IMELDA
96,TOBI,Still of the Night,ILIANA,Roy,Liz,Ralph,C,C,C,C,C,CORALIE
97,Elian,Almost Hear You Sigh,ILIANA,Zachery,Liz,Ralph,A,C,A,C,C,RAE
98,CELENA,Civil War,ILIANA,Nigel,Liz,Ralph,A,C,B,C,C,Bernardo
99,CAROLIN,Under My Wheels,ILIANA,Nigel,Liz,Ralph,C,C,B,C,C,MICHELE
100,SHALANDA,Take On Me,ILIANA,Miguel,Liz,Ralph,C,C,B,C,C,Johnnie
101,DIAN,Immigrant Song,MARLEEN,Easton,Mary,Ralph,B,A,C,A,A,Hayden
102,Jamie,Helplessly Hoping,MARLEEN,Lincoln,Mary,Ralph,B,A,A,A,A,DARLA
103,Kory,The Long Run,MARLEEN,Lincoln,Mary,Ralph,B,A,A,A,A,PAIGE
104,KEESHA,I CAN SEE CLEARLY NOW,MARLEEN,Samir,Mary,Ralph,B,A,A,A,A,DIAN
105,Keshawn,Suite: Judy Blue Eyes,MARLEEN,Tommy,Mary,Ralph,A,A,C,A,A,Eddie
106,Ruben,Sundown,MARLEEN,Eli,Mary,Ralph,C,A,A,A,A,Judah
107,Asa,The Boys Are Back In Town,MARLEEN,Anderson,Mary,Ralph,A,A,B,A,A,ANASTACIA
108,ELADIA,City of the Angels,MARLEEN,Levi,Mary,Ralph,B,A,B,A,A,Neal
109,TIMOTHY,Cold Hard Bitch,MARLEEN,Draven,Mary,Ralph,C,A,A,A,A,Dewayne
110,MAYOLA,Free for All,MARLEEN,Allan,Mary,Ralph,C,A,B,A,A,ANNETTE
111,Cole,New Sensation,MARLEEN,Rogelio,Mary,Ralph,B,A,B,A,A,Gino
112,BONITA,Us and Them,MARLEEN,Garrison,Mary,Ralph,B,A,B,A,A,Eliseo
113,Kylan,"Somehow, Somewhere, Someway",MARLEEN,Garrison,Mary,Ralph,B,A,B,A,A,MELISSA
114,Gabriel,Feels Like the First Time,MARLEEN,Steven,Mary,Ralph,A,A,A,A,A,Clifton
115,Grayson,Friday on My Mind,MARLEEN,Ethan,Mary,Ralph,A,A,A,A,A,CALLIE
116,Brennen,Magic,MARLEEN,Matthew,Mary,Ralph,C,A,B,A,A,Vincent
117,TRENA,Jungleland,MARLEEN,Karson,Mary,Ralph,B,A,A,A,A,Keon
118,MIA,Dr. Feelgood,MARLEEN,Karson,Mary,Ralph,A,A,A,A,A,Jayson
119,GAIL,Boulevard,MARLEEN,Roy,Mary,Ralph,B,A,C,A,A,Zakary
120,ALVA,Night Moves,MARLEEN,Miguel,Mary,Ralph,C,A,B,A,A,Neal
121,FRANCES,Polly,MARLEEN,Miguel,Mary,Ralph,B,A,B,A,A,ROBBIN
122,Jayson,Fortunate Son,MARLEEN,Kellen,Mary,Ralph,C,A,B,A,A,DALIA
123,Leon,Strike up the Band,CATARINA,Easton,Pat,Ralph,C,B,C,B,B,Zackery
124,Cristopher,Don't Ask Me Why,CATARINA,Muhammad,Pat,Ralph,B,B,B,B,B,RONALD
125,CAROLEE,Changes,CATARINA,Deonte,Pat,Ralph,A,B,C,B,B,GERALDINE
126,Chaim,The Memory Remains,CATARINA,Deonte,Pat,Ralph,C,B,C,B,B,CRISTIE
127,Miles,Blaze of Glory,CATARINA,Deonte,Pat,Ralph,A,B,C,B,B,Jesse
128,Zackery,STILL THE ONE,CATARINA,Kamron,Pat,Ralph,C,B,B,B,B,BLANCH
129,JACQUETTA,Sunday Bloody Sunday,CATARINA,Kane,Pat,Ralph,B,B,C,B,B,Sawyer
130,Forrest,Been Caught Stealing,CATARINA,Kane,Pat,Ralph,B,B,C,B,B,DELANA
131,Kristian,Low Rider,CATARINA,Bernard,Pat,Ralph,C,B,A,B,B,KATRINA
132,MELANIA,Back Off Boogaloo,CATARINA,Tommy,Pat,Ralph,B,B,C,B,B,KASSANDRA
133,NATASHA,Bullet With Butterfly Wings,CATARINA,Tommy,Pat,Ralph,C,B,C,B,B,ANGEL
134,LYNN,Hey Nineteen,CATARINA,Vincenzo,Pat,Ralph,A,B,A,B,B,Drake
135,Korey,Don't Let The Sun Go Down On Me,CATARINA,Reid,Pat,Ralph,C,B,A,B,B,Dario
136,Kaden,Bound for the Floor,CATARINA,Anderson,Pat,Ralph,A,B,B,B,B,Malachi
137,Branson,Your Wildest Dreams,CATARINA,Marques,Pat,Ralph,B,B,C,B,B,ANGEL
138,Nicolas,Kashmir,CATARINA,Jeremiah,Pat,Ralph,A,B,B,B,B,Nikolas
139,Garrison,Perry Mason,CATARINA,Jeremiah,Pat,Ralph,A,B,B,B,B,WANETA
140,Rhett,Badge,CATARINA,Draven,Pat,Ralph,A,B,A,B,B,Keshawn
141,Genaro,The Boys Of Summer,CATARINA,Tobias,Pat,Ralph,C,B,C,B,B,Peter
142,CAMERON,Trampled Under Foot,CATARINA,Braydon,Pat,Ralph,A,B,C,B,B,Malik
143,Alessandro,Roadrunner,CATARINA,Steven,Pat,Ralph,A,B,A,B,B,PHUNG
144,DELANA,Big Log,CATARINA,Bobby,Pat,Ralph,C,B,C,B,B,SHANIKA
145,Bruce,Still Loving You,CATARINA,Bobby,Pat,Ralph,B,B,C,B,B,MORA
146,MAIRE,Headkeeper,CATARINA,Karson,Pat,Ralph,A,B,A,B,B,SOPHIA
147,Jayce,Love Is Like Oxygen,CATARINA,Sawyer,Pat,Ralph,A,B,A,B,B,AURA
148,EULALIA,The Letter,CATARINA,Zachery,Pat,Ralph,A,B,A,B,B,Landen
149,Trenton,Close My Eyes Forever,CATARINA,Zachery,Pat,Ralph,B,B,A,B,B,THORA
150,TARYN,Never,CATARINA,Nigel,Pat,Ralph,C,B,B,B,B,Bryson
151,Drake,Check It Out,CATARINA,Nigel,Pat,Ralph,A,B,B,B,B,Cristopher
152,Leon,Wheels Of Fortune,CATARINA,Nigel,Pat,Ralph,B,B,B,B,B,EUGENIA
153,KRYSTLE,Da Da Doo Ron Ron,CATARINA,Miguel,Pat,Ralph,B,B,B,B,B,Isaiah
154,ANASTACIA,Can't Stand Losing You,BARBIE,Easton,Mary,Ralph,B,A,C,A,A,Aric
155,JUSTIN,Magic Bus,BARBIE,Kane,Mary,Ralph,B,A,C,A,A,MAGDALEN
156,Kevin,Miss You,BARBIE,Kane,Mary,Ralph,A,A,C,A,A,Terrance
157,LORIA,Intruder/ Pretty Woman,BARBIE,Samir,Mary,Ralph,B,A,A,A,A,ANNETTE
158,Felix,Down On the Corner,BARBIE,Samir,Mary,Ralph,B,A,A,A,A,GAYNELL
159,Brady,Misunderstanding,BARBIE,Samir,Mary,Ralph,B,A,A,A,A,Elijah
160,Dwight,Best Of Both Worlds,BARBIE,Vincent,Mary,Ralph,C,A,B,A,A,Jarred
161,LISBETH,Wild Wild Life,BARBIE,Bernard,Mary,Ralph,A,A,A,A,A,Kavon
162,MARYANN,The Wanton Song,BARBIE,Bernard,Mary,Ralph,C,A,A,A,A,NICOLA
163,Clinton,Street Of Dreams,BARBIE,Vincenzo,Mary,Ralph,B,A,A,A,A,LARRY
164,LYLA,Sultans of Swing,BARBIE,Heriberto,Mary,Ralph,B,A,A,A,A,SANORA
165,Deven,So Into You,BARBIE,Heriberto,Mary,Ralph,A,A,A,A,A,Clifton
166,Ronnie,Touch Too Much,BARBIE,Reid,Mary,Ralph,C,A,A,A,A,Jarred
167,CLARIBEL,Here Comes The Sun,BARBIE,Douglas,Mary,Ralph,C,A,C,A,A,Darryl
168,Milton,Bell Bottom Blues,BARBIE,Jaylin,Mary,Ralph,C,A,B,A,A,SHEMIKA
169,Pierre,Diamond Dogs,BARBIE,Levi,Mary,Ralph,B,A,B,A,A,JANETTE
170,Miles,She's Waiting,BARBIE,Allan,Mary,Ralph,B,A,B,A,A,Spencer
171,MICKEY,In The Mood,BARBIE,Bobby,Mary,Ralph,C,A,C,A,A,FRANCES
172,Jacoby,Green Eyed Lady,BARBIE,Bobby,Mary,Ralph,C,A,C,A,A,Gordon
173,Royce,Even Better Than the Real Thing,BARBIE,Warren,Mary,Ralph,C,A,C,A,A,Jason
174,Darryl,Free Me,BARBIE,Warren,Mary,Ralph,B,A,C,A,A,ESSIE
175,Bronson,Behind The Lines,BARBIE,Warren,Mary,Ralph,A,A,C,A,A,ESTELLA
176,Derick,The Letter,BARBIE,Alfonso,Mary,Ralph,A,A,C,A,A,BONITA
177,CATHEY,Come Dancing,ELLY,Easton,Liz,Ralph,B,C,C,C,C,LOUIE
178,Stephen,The House Is Rockin',ELLY,Muhammad,Liz,Ralph,C,C,B,C,C,Darion
179,TAMELA,Cinnamon Girl,ELLY,Kamron,Liz,Ralph,A,C,B,C,C,SHANTAY
180,Allan,I HEAR YOU KNOCKING,ELLY,Tristin,Liz,Ralph,B,C,B,C,C,FONDA
181,LOUIE,Sunday Bloody Sunday,ELLY,Dashawn,Liz,Ralph,B,C,A,C,C,Elias
182,Reed,Don't Bring Me Down,ELLY,Reid,Liz,Ralph,C,C,A,C,C,Pedro
183,Luke,Industrial Disease,ELLY,Levi,Liz,Ralph,A,C,B,C,C,Amari
184,GLADIS,What It's Like,ELLY,Billy,Liz,Ralph,B,C,C,C,C,Winston
185,CRYSTA,Tonight She Comes,ELLY,Glenn,Liz,Ralph,A,C,C,C,C,Jaylon
186,KRISTAL,A Face In The Crowd,ELLY,Allan,Liz,Ralph,A,C,B,C,C,CREOLA
187,AIMEE,Pulling Mussels,ELLY,Allan,Liz,Ralph,B,C,B,C,C,MAUDIE
188,Billy,Come to Poppa,ELLY,Allan,Liz,Ralph,C,C,B,C,C,Dexter
189,ELSA,Pink Houses,ELLY,Rogelio,Liz,Ralph,A,C,B,C,C,SHALANDA
190,Noe,Thorn In My Pride,ELLY,Garrison,Liz,Ralph,A,C,B,C,C,Donavon
191,Chance,Black Velvet,ELLY,Warren,Liz,Ralph,C,C,C,C,C,Guy
192,LARRAINE,Seven Bridges Road,ELLY,Howard,Liz,Ralph,B,C,A,C,C,Koby
193,JULIAN,Teacher I Need You,ELLY,Matthew,Liz,Ralph,B,C,B,C,C,ARLETTE
194,Quintin,Pride of Man,ELLY,Matthew,Liz,Ralph,C,C,B,C,C,ANGELICA
195,CINDERELLA,Invisible Sun,ELLY,Karson,Liz,Ralph,C,C,A,C,C,NICKY
196,ELOISA,Driven to Tears,ELLY,Roy,Liz,Ralph,A,C,C,C,C,Winston
197,RAE,"Baby, Please Don't Go",ELLY,Miguel,Liz,Ralph,B,C,B,C,C,LOUIE
198,MARGIT,Across The Universe,ZORAIDA,Easton,Liz,Ralph,B,A,C,A,A,JOYCE
199,IMELDA,Ah! Leah!,ZORAIDA,Easton,Liz,Ralph,A,A,C,A,A,KELLIE
200,Winston,Don't Believe Her,ZORAIDA,Easton,Liz,Ralph,A,A,C,A,A,ARIEL
201,MAXINE,California Girls,ZORAIDA,Deonte,Liz,Ralph,C,A,C,A,A,Hunter
202,Hudson,Who Made Who,ZORAIDA,Kane,Liz,Ralph,B,A,C,A,A,LEONTINE
203,Kobe,I Want A New Drug,ZORAIDA,Bernard,Liz,Ralph,C,A,A,A,A,LINN
204,Kamron,The Crystal Ship,ZORAIDA,Bernard,Liz,Ralph,A,A,A,A,A,Jordy
205,Easton,From Me To You,ZORAIDA,Heriberto,Liz,Ralph,B,A,A,A,A,BRIGETTE
206,ALVERTA,Strawberry Fields Forever,ZORAIDA,Kameron,Liz,Ralph,C,A,B,A,A,CAMI
207,Colt,Point of Know Return,ZORAIDA,Simeon,Liz,Ralph,B,A,B,A,A,ANTONINA
208,CORDELIA,Living in the U.S.A.,ZORAIDA,Jaylin,Liz,Ralph,C,A,B,A,A,Quintin
209,Jonas,Bad Motor Scooter,ZORAIDA,Jaylin,Liz,Ralph,B,A,B,A,A,ANTONIO
210,AIDE,From Me To You,ZORAIDA,Marques,Liz,Ralph,A,A,C,A,A,Jabari
211,Jaxon,Goodbye To Romance,ZORAIDA,Marques,Liz,Ralph,C,A,C,A,A,LOYCE
212,Guy,Don't Let The Sun Go Down On Me,ZORAIDA,Levi,Liz,Ralph,B,A,B,A,A,Dayne
213,Brad,Shinin' On,ZORAIDA,Gaige,Liz,Ralph,A,A,A,A,A,ARACELIS
214,Melvin,I'm Alright,ZORAIDA,Billy,Liz,Ralph,B,A,C,A,A,ELEANORE
215,LINNEA,Season of the Witch,ZORAIDA,Allan,Liz,Ralph,C,A,B,A,A,ELSA
216,Darion,Dear Mr. Fantasy,ZORAIDA,Javon,Liz,Ralph,A,A,B,A,A,DANYELLE
217,KAMI,L.A. Woman,ZORAIDA,Rogelio,Liz,Ralph,C,A,B,A,A,TRUDI
218,MARYLN,Something In the Air,ZORAIDA,Bobby,Liz,Ralph,B,A,C,A,A,KANDI
219,Myles,Snortin Whiskey,ZORAIDA,Howard,Liz,Ralph,C,A,A,A,A,JENI
220,Elias,No Rain,ZORAIDA,Howard,Liz,Ralph,A,A,A,A,A,Terrell
221,Kyle,THE LAST TIME,ZORAIDA,Alfonso,Liz,Ralph,C,A,C,A,A,ANISSA
222,Maxwell,Walking On The Moon,ZORAIDA,Nigel,Liz,Ralph,C,A,B,A,A,Jared
223,TANISHA,"Train, Train",ZORAIDA,Kellen,Liz,Ralph,C,A,B,A,A,ALVERTA
224,MARIELA,The Wanton Song,BARBRA,Easton,Liz,Ralph,A,C,C,C,C,Jackie
225,MELLISSA,Black Coffee In Bed,BARBRA,Deonte,Liz,Ralph,C,C,C,C,C,CINDERELLA
226,Bernardo,5:15,BARBRA,Lincoln,Liz,Ralph,C,C,A,C,C,Marco
227,Mekhi,Fooling Yourself,BARBRA,Samir,Liz,Ralph,B,C,A,C,C,KRISTAL
228,CARLINE,Shoot To Thrill,BARBRA,Tommy,Liz,Ralph,C,C,C,C,C,CRYSTA
229,JAYME,Cum On Feel the Noize,BARBRA,Eli,Liz,Ralph,A,C,A,C,C,Duncan
230,JEN,Turn To Stone,BARBRA,Reid,Liz,Ralph,C,C,A,C,C,Ari
231,JOYCE,One,BARBRA,Reid,Liz,Ralph,B,C,A,C,C,Zachariah
232,Franklin,CARS,BARBRA,Derrick,Liz,Ralph,C,C,A,C,C,EFFIE
233,CAMI,American Dream Plan B,BARBRA,Jaylin,Liz,Ralph,C,C,B,C,C,AIMEE
234,HATTIE,Tonight Tonight (live),BARBRA,Jaylin,Liz,Ralph,B,C,B,C,C,Devon
235,Jovani,Turn Up The Music  1977,BARBRA,Jaylin,Liz,Ralph,C,C,B,C,C,Erick
236,SHELLEY,Rock & Roll Band,BARBRA,Levi,Liz,Ralph,C,C,B,C,C,KAZUKO
237,Ahmad,Bad Moon Rising,BARBRA,Gaige,Liz,Ralph,A,C,A,C,C,PARTICIA
238,Sincere,Breakdown,BARBRA,Jeremiah,Liz,Ralph,C,C,B,C,C,JEN
239,JOSELYN,Still You Turn Me On,BARBRA,Billy,Liz,Ralph,C,C,C,C,C,Maxwell
240,Lukas,TV Dinners,BARBRA,Billy,Liz,Ralph,B,C,C,C,C,BETHEL
241,Mohammad,Ticket to Ride,BARBRA,Billy,Liz,Ralph,A,C,C,C,C,CATHEY
242,ARLYNE,Houseparty,BARBRA,Tobias,Liz,Ralph,A,C,C,C,C,MAUDIE
243,Jarred,Me and Bobby McGee,BARBRA,Javon,Liz,Ralph,B,C,B,C,C,PENNIE
244,EARLIE,Travelin' Man,BARBRA,Ethan,Liz,Ralph,C,C,A,C,C,Sincere
245,TRUDI,Stay Up Late,BARBRA,Ethan,Liz,Ralph,B,C,A,C,C,TRUDI
246,SHANTA,You Could Be Mine,BARBRA,Warren,Liz,Ralph,B,C,C,C,C,CLORA
247,Mariano,Alabama Getaway,BARBRA,Sawyer,Liz,Ralph,C,C,A,C,C,Jabari
248,TOSHA,I Know a Little,BARBRA,Miguel,Liz,Ralph,B,C,B,C,C,FONDA
249,IDELL,If You Could Only See,YANG,Easton,Barb,Ralph,A,B,C,B,B,Misael
250,GINETTE,Empty Pages,YANG,Deonte,Barb,Ralph,B,B,C,B,B,ODETTE
251,MAHALIA,She Loves My Automobile,YANG,Kamron,Barb,Ralph,C,B,B,B,B,Joshua
252,Alex,Like a Hurricane,YANG,Kamron,Barb,Ralph,C,B,B,B,B,Riley
253,Kennedy,"Always With Me, Always With You",YANG,Vincenzo,Barb,Ralph,A,B,A,B,B,Hector
254,BRIANA,Crossfire,YANG,Heriberto,Barb,Ralph,B,B,A,B,B,KEENA
255,Braxton,Street Corner Serenade,YANG,Douglas,Barb,Ralph,C,B,C,B,B,Tylor
256,EVELINE,Threshold/Jet Airliner,YANG,Anderson,Barb,Ralph,C,B,B,B,B,Isaias
257,Misael,Big Empty,YANG,Anderson,Barb,Ralph,B,B,B,B,B,Corbin
258,LEESA,Drive My Car,YANG,Levi,Barb,Ralph,C,B,B,B,B,Misael
259,ROSSIE,Love Is Alive,YANG,Levi,Barb,Ralph,A,B,B,B,B,JUNIE
260,Bernard,Jane Says,YANG,Billy,Barb,Ralph,C,B,C,B,B,Jamarcus
261,Freddie,The Back Seat Of My Car,YANG,Howard,Barb,Ralph,A,B,A,B,B,KARISA
262,Isaak,Golden Country,YANG,Howard,Barb,Ralph,C,B,A,B,B,JODEE
263,Charlie,Counting Blue Cars,YANG,Matthew,Barb,Ralph,C,B,B,B,B,TONIE
264,Saul,Bad,YANG,Alfonso,Barb,Ralph,A,B,C,B,B,VALARIE
265,HARRIETT,Hotel Illness,YANG,Roy,Barb,Ralph,C,B,C,B,B,JOANNE
266,Kyler,Blue Collar Man,YANG,Nigel,Barb,Ralph,A,B,B,B,B,LATASHA
267,Ralph,For Those About To Rock,YANG,Kellen,Barb,Ralph,C,B,B,B,B,IDELLA
268,AKILAH,Jet Airliner,JOSIE,Easton,Liz,Ralph,A,A,C,A,A,QUYEN
269,ELEANORE,Hocus Pocus,JOSIE,Muhammad,Liz,Ralph,A,A,B,A,A,JENISE
270,Damion,Same Ol' Situation,JOSIE,Kamron,Liz,Ralph,A,A,B,A,A,BERNADETTE
271,Domenic,Sister Golden Hair,JOSIE,Kamron,Liz,Ralph,B,A,B,A,A,Elian
272,Zakary,Interstate Love Song,JOSIE,Kamron,Liz,Ralph,B,A,B,A,A,Jaydon
273,EDWINA,How Long,JOSIE,Tristin,Liz,Ralph,C,A,B,A,A,TOSHA
274,Darius,Do You Feel Like We Do,JOSIE,Heriberto,Liz,Ralph,C,A,A,A,A,Larry
275,TIARA,It's All I Can Do,JOSIE,Kameron,Liz,Ralph,C,A,B,A,A,KARENA
276,Duncan,What If I Came Knocking,JOSIE,Eli,Liz,Ralph,A,A,A,A,A,Salvador
277,CHRISSY,Dr. Feelgood,JOSIE,Derrick,Liz,Ralph,C,A,A,A,A,LOUELLA
278,Sincere,Juke Box Hero,JOSIE,Simeon,Liz,Ralph,C,A,B,A,A,Kade
279,KEMBERLY,Mutha (Don't Wanna Go To School Today),JOSIE,Jaylin,Liz,Ralph,A,A,B,A,A,Easton
280,Domenic,Fly,JOSIE,Anderson,Liz,Ralph,B,A,B,A,A,BLANCH
281,Bryce,Misty Mountain Hop,JOSIE,Jeremiah,Liz,Ralph,A,A,B,A,A,Hudson
282,KAZUKO,Simply Irresistible,JOSIE,Billy,Liz,Ralph,C,A,C,A,A,Johan
283,Dexter,Dixie Chicken,JOSIE,Billy,Liz,Ralph,C,A,C,A,A,CATALINA
284,LIZ,Modern Love,JOSIE,Draven,Liz,Ralph,B,A,A,A,A,Logan
285,EVIA,Yellow Ledbetter,JOSIE,Garrison,Liz,Ralph,C,A,B,A,A,MARGENE
286,Chandler,Someone Saved My Life Tonight,JOSIE,Garrison,Liz,Ralph,C,A,B,A,A,Khalid
287,LINN,Dust In The Wind,JOSIE,Braydon,Liz,Ralph,C,A,C,A,A,Quintin
288,MCKENZIE,Tweeter and the Monkey Man,JOSIE,Warren,Liz,Ralph,A,A,C,A,A,LEANORA
289,KANDI,Rice Pudding,JOSIE,Zechariah,Liz,Ralph,B,A,C,A,A,Johnnie
290,ARACELIS,45,JOSIE,Randy,Liz,Ralph,A,A,A,A,A,Felix
291,Johan,Until It Sleeps,JOSIE,Matthew,Liz,Ralph,B,A,B,A,A,KAITLIN
292,Douglas,Frankenstein,JOSIE,Matthew,Liz,Ralph,B,A,B,A,A,Danny
293,MICHELE,Working for the Weekend,JOSIE,Kellen,Liz,Ralph,B,A,B,A,A,MODESTA
294,Dillion,Killer Queen,JOSIE,Kellen,Liz,Ralph,B,A,B,A,A,Hudson
295,LUCRETIA,I Alone,ROXANNA,Easton,Mary,Ralph,B,B,C,B,B,BONITA
296,Eliseo,Getting Better,ROXANNA,Muhammad,Mary,Ralph,B,B,B,B,B,LORIA
297,MINNA,Desperado,ROXANNA,Deonte,Mary,Ralph,B,B,C,B,B,ESTELLA
298,Jean,Sledgehammer,ROXANNA,Kane,Mary,Ralph,C,B,C,B,B,Eddie
299,Cody,To Hell With the Devil,ROXANNA,Vincent,Mary,Ralph,C,B,B,B,B,HOA
300,Clay,I Still Haven't Found What I'm Looking For,ROXANNA,Vincent,Mary,Ralph,C,B,B,B,B,Kelvin
301,Conner,Jet City Woman,ROXANNA,Tristin,Mary,Ralph,A,B,B,B,B,Johnathon
302,Khalid,New York State Of Mind,ROXANNA,Reid,Mary,Ralph,A,B,A,B,B,Manuel
303,JEREMY,Industrial Disease,ROXANNA,Douglas,Mary,Ralph,A,B,C,B,B,VICKI
304,Anton,Tube Snake Boogie,ROXANNA,Gaige,Mary,Ralph,B,B,A,B,B,Jamie
305,Jaiden,Blurry,ROXANNA,Jeremiah,Mary,Ralph,A,B,B,B,B,Pierre
306,CHARLYN,We've Got Tonight,ROXANNA,Ralph,Mary,Ralph,B,B,B,B,B,Derick
307,Shannon,I Remember You,ROXANNA,Glenn,Mary,Ralph,C,B,C,B,B,Jason
308,Brycen,Hang Fire,ROXANNA,Draven,Mary,Ralph,A,B,A,B,B,ANASTACIA
309,SANA,Sweetest Thing,ROXANNA,Allan,Mary,Ralph,A,B,B,B,B,RENATE
310,Nicolas,Over the Hills and Far Away,ROXANNA,Allan,Mary,Ralph,C,B,B,B,B,GAIL
311,YER,Ticket to Ride,ROXANNA,Tobias,Mary,Ralph,A,B,C,B,B,Jason
312,SALINA,Breakdown,ROXANNA,Tobias,Mary,Ralph,C,B,C,B,B,Rashad
313,Neal,Bridge of Sighs,ROXANNA,Rogelio,Mary,Ralph,B,B,B,B,B,Kelvin
314,Maverick,Mrs. Robinson,ROXANNA,Rogelio,Mary,Ralph,B,B,B,B,B,JENNIFER
315,BARBERA,By the Way,ROXANNA,Bobby,Mary,Ralph,C,B,C,B,B,Zachary
316,NICOLA,NOWHERE MAN,ROXANNA,Warren,Mary,Ralph,C,B,C,B,B,JOSEPH
317,ANNETTE,Spirit In The Night,ROXANNA,Alfonso,Mary,Ralph,C,B,C,B,B,Moshe
318,Kory,Back On The Chain Gang,ROXANNA,Roy,Mary,Ralph,C,B,C,B,B,Irvin
319,Dylan,Slow Ride,ROXANNA,Nigel,Mary,Ralph,B,B,B,B,B,Dillon
320,PROVIDENCIA,Hey Jude (Live),OCTAVIA,Easton,Pat,Ralph,B,A,C,A,A,Gerard
321,Kayden,She's The One,OCTAVIA,Easton,Pat,Ralph,C,A,C,A,A,DEEDEE
322,NERISSA,World Turning,OCTAVIA,Kane,Pat,Ralph,C,A,C,A,A,CHASIDY
323,CHELSEA,Old Man,OCTAVIA,Tommy,Pat,Ralph,A,A,C,A,A,GEORGIANN
324,Marvin,Lady Picture Show,OCTAVIA,Tommy,Pat,Ralph,C,A,C,A,A,KATHLEEN
325,CASSY,Powderfinger,OCTAVIA,Heriberto,Pat,Ralph,B,A,A,A,A,ETHYL
326,Andreas,I Love Rock 'n Roll,OCTAVIA,Reid,Pat,Ralph,C,A,A,A,A,THUY
327,VENETTA,Jackie Wilson Said,OCTAVIA,Douglas,Pat,Ralph,A,A,C,A,A,Deshaun
328,MALORIE,Good Riddance (Time Of Your Life),OCTAVIA,Anderson,Pat,Ralph,A,A,B,A,A,Cole
329,KIMBERLEE,Gypsy,OCTAVIA,Marques,Pat,Ralph,B,A,C,A,A,CAROLINA
330,ELSE,Strike up the Band,OCTAVIA,Marques,Pat,Ralph,B,A,C,A,A,Kaden
331,KATHERYN,In the Evening,OCTAVIA,Gaige,Pat,Ralph,C,A,A,A,A,ECHO
332,LOVE,Shout at the Devil,OCTAVIA,Jeremiah,Pat,Ralph,C,A,B,A,A,Marvin
333,ANGELINA,In Bloom,OCTAVIA,Billy,Pat,Ralph,B,A,C,A,A,Malik
334,SARA,Communication Breakdown,OCTAVIA,Billy,Pat,Ralph,A,A,C,A,A,Ricky
335,Matthew,Synchronicity II,OCTAVIA,Javon,Pat,Ralph,B,A,B,A,A,Samir
336,Sammy,We Can Work It Out,OCTAVIA,Garrison,Pat,Ralph,C,A,B,A,A,Ethan
337,Jeremiah,The Rover,OCTAVIA,Bobby,Pat,Ralph,C,A,C,A,A,KRYSTLE
338,EMILY,My Town,OCTAVIA,Roy,Pat,Ralph,A,A,C,A,A,Connor
339,ETHYL,Superstition [Live],OCTAVIA,Zachery,Pat,Ralph,B,A,A,A,A,Kory
340,LYN,Signs,OCTAVIA,Nigel,Pat,Ralph,A,A,B,A,A,RISA
341,LARRY,Roll Me Away,RUBIE,Easton,Mary,Ralph,A,B,C,B,B,Sabastian
342,Zane,T.N.T.,RUBIE,Easton,Mary,Ralph,B,B,C,B,B,MINNA
343,VAN,Dangerious Type,RUBIE,Muhammad,Mary,Ralph,B,B,B,B,B,Brennen
344,FRED,YOU'VE GOT A FRIEND,RUBIE,Deonte,Mary,Ralph,C,B,C,B,B,JEREMY
345,DEMETRA,Smuggler's Blues,RUBIE,Samir,Mary,Ralph,C,B,A,B,B,Moshe
346,Jay,Dixie/Sweet Home Alabama,RUBIE,Vincent,Mary,Ralph,C,B,B,B,B,Cody
347,HENRY,Walking On The Moon,RUBIE,Eli,Mary,Ralph,B,B,A,B,B,RENATE
348,RENEA,Dog Eat Dog,RUBIE,Derrick,Mary,Ralph,A,B,A,B,B,VONDA
349,JANETTE,Takin' It To The Streets,RUBIE,Derrick,Mary,Ralph,B,B,A,B,B,Kamron
350,Nathen,Whole Lotta Love,RUBIE,Derrick,Mary,Ralph,B,B,A,B,B,Jason
351,BRIDGET,Medicated Goo,RUBIE,Gaige,Mary,Ralph,B,B,A,B,B,RENEA
352,Kamron,Dolly Dagger,RUBIE,Billy,Mary,Ralph,A,B,C,B,B,SHARITA
353,Malcolm,When You Close Your Eyes,RUBIE,Glenn,Mary,Ralph,A,B,C,B,B,Rick
354,PAIGE,Cry Sister,RUBIE,Tobias,Mary,Ralph,A,B,C,B,B,ENEIDA
355,GEORGIA,Never,RUBIE,Rogelio,Mary,Ralph,A,B,B,B,B,Jaxon
356,Judah,Angel,RUBIE,Garrison,Mary,Ralph,B,B,B,B,B,JUSTIN
357,JOSEPH,Learning to Fly,RUBIE,Ethan,Mary,Ralph,B,B,A,B,B,Moshe
358,Cruz,Venus and Mars/Rock Show,RUBIE,Warren,Mary,Ralph,A,B,C,B,B,JUNKO
359,Arturo,We're an American Band,RUBIE,Howard,Mary,Ralph,A,B,A,B,B,Misael
360,Quinton,Solsbury Hill,RUBIE,Landon,Mary,Ralph,A,B,A,B,B,Clay
361,JENNIFER,Bad Case Of Lovin' You,RUBIE,Karson,Mary,Ralph,C,B,A,B,B,Tyshawn
362,Terrance,Knocking At Your Backdoo,RUBIE,Sawyer,Mary,Ralph,C,B,A,B,B,FRED
363,Andres,True Fine Love,RUBIE,Miguel,Mary,Ralph,B,B,B,B,B,MAISIE
364,Alden,Red Red Wine,RUBIE,Kellen,Mary,Ralph,A,B,B,B,B,ROSEMARIE
365,Jace,Heartbreaker,PENELOPE,Easton,Liz,Ralph,A,A,C,A,A,KATHERIN
366,GARNET,Dumb,PENELOPE,Muhammad,Liz,Ralph,C,A,B,A,A,BRIGETTE
367,PARTICIA,Feeling That Way,PENELOPE,Bernard,Liz,Ralph,C,A,A,A,A,Zakary
368,ASHLEA,Tired of Waiting,PENELOPE,Tommy,Liz,Ralph,A,A,C,A,A,KEVIN
369,Dillon,Witchy Woman,PENELOPE,Vincenzo,Liz,Ralph,A,A,A,A,A,VALORIE
370,LOUELLA,Live and Let Die,PENELOPE,Tristin,Liz,Ralph,C,A,B,A,A,ETTA
371,Mario,Who Do You Love,PENELOPE,Tristin,Liz,Ralph,B,A,B,A,A,Kamron
372,Keyshawn,No Matter What,PENELOPE,Eli,Liz,Ralph,B,A,A,A,A,Conor
373,SHARICE,The Journey/It's Easy,PENELOPE,Derrick,Liz,Ralph,B,A,A,A,A,Easton
374,Rolando,Rock Steady,PENELOPE,Gaige,Liz,Ralph,B,A,A,A,A,Dillion
375,SHERIDAN,Lucy In The Sky With Diamonds,PENELOPE,Jeremiah,Liz,Ralph,A,A,B,A,A,LOUIE
376,Erik,Cold Gin,PENELOPE,Jeremiah,Liz,Ralph,C,A,B,A,A,Jimmie
377,TONETTE,Tiny Dancer,PENELOPE,Billy,Liz,Ralph,C,A,C,A,A,LARRAINE
378,Tanner,The Heart of the Matter,PENELOPE,Glenn,Liz,Ralph,A,A,C,A,A,ARCELIA
379,Cody,Arnold Layne,PENELOPE,Allan,Liz,Ralph,A,A,B,A,A,Sincere
380,PENNIE,Long Cool Woman,PENELOPE,Tobias,Liz,Ralph,C,A,C,A,A,Omar
381,Jared,Waiting for a Girl Like You,PENELOPE,Tobias,Liz,Ralph,C,A,C,A,A,DANYELLE
382,Todd,Never Going Back Again,PENELOPE,Tobias,Liz,Ralph,B,A,C,A,A,Pedro
383,MICHAEL,You Can Call Me Al,PENELOPE,Zechariah,Liz,Ralph,C,A,C,A,A,Myles
384,Jimmie,Can't Find My Way Home,PENELOPE,Randy,Liz,Ralph,A,A,A,A,A,ARLYNE
385,CARMELINA,Dirty White Boy,PENELOPE,Karson,Liz,Ralph,C,A,A,A,A,BASILIA
386,JENISE,Gone,PENELOPE,Zachery,Liz,Ralph,B,A,A,A,A,Zakary
387,CAMMIE,Sunshine of Your Love,PENELOPE,Nigel,Liz,Ralph,C,A,B,A,A,CAMMIE
388,BLANCH,My Michelle,PENELOPE,Miguel,Liz,Ralph,B,A,B,A,A,Melvin
389,Randall,A Fool for Your Stockings,PENELOPE,Miguel,Liz,Ralph,A,A,B,A,A,Tanner
390,Jabari,Hush,PENELOPE,Miguel,Liz,Ralph,B,A,B,A,A,QUYEN
391,Emilio,Bang a Gong (Get It On),TOWANDA,Easton,Pat,Ralph,B,A,C,A,A,Jayce
392,Dario,Californication,TOWANDA,Muhammad,Pat,Ralph,A,A,B,A,A,FERNE
393,RICKIE,Dreamer,TOWANDA,Lincoln,Pat,Ralph,A,A,A,A,A,BEVERLEE
394,TEREASA,Green Onions,TOWANDA,Bernard,Pat,Ralph,C,A,A,A,A,Quintin
395,Lawson,I Know I'm Losing You,TOWANDA,Vincenzo,Pat,Ralph,A,A,A,A,A,Dandre
396,AURA,Gloria,TOWANDA,Heriberto,Pat,Ralph,A,A,A,A,A,Walter
397,SHANIKA,Day Tripper,TOWANDA,Derrick,Pat,Ralph,B,A,A,A,A,KIMBERLEE
398,EFFIE,Miss You,TOWANDA,Marques,Pat,Ralph,C,A,C,A,A,SHIRL
399,Augustus,Let My Love Open the Door,TOWANDA,Draven,Pat,Ralph,B,A,A,A,A,Leon
400,Jarrett,Dancing In the Dark,TOWANDA,Allan,Pat,Ralph,B,A,B,A,A,AURA
401,THUY,With Or Without You,TOWANDA,Tobias,Pat,Ralph,C,A,C,A,A,Kory
402,Arturo,Treat Me Right,TOWANDA,Javon,Pat,Ralph,A,A,B,A,A,ELEONOR
403,TISHA,Bucks Boogie,TOWANDA,Garrison,Pat,Ralph,A,A,B,A,A,Leon
404,Deion,I CAN SEE CLEARLY NOW,TOWANDA,Garrison,Pat,Ralph,A,A,B,A,A,MARYANNE
405,Javier,I Hate Myself For Loving You,TOWANDA,Steven,Pat,Ralph,C,A,A,A,A,Nico
406,NEOMI,Keep Yourself Alive,TOWANDA,Bobby,Pat,Ralph,C,A,C,A,A,GIA
407,Peter,Dirty Work,TOWANDA,Bobby,Pat,Ralph,B,A,C,A,A,SARA
408,CHIA,Threshold/Jet Airliner,TOWANDA,Zechariah,Pat,Ralph,A,A,C,A,A,LAQUITA
409,BEVERLEE,Back for More,TOWANDA,Roy,Pat,Ralph,A,A,C,A,A,RAGUEL
410,Stefan,Summertime Girls,TOWANDA,Miguel,Pat,Ralph,A,A,B,A,A,TAMIE
411,Alec,A Woman In Love,TOWANDA,Miguel,Pat,Ralph,C,A,B,A,A,Brant
412,THALIA,Bring It On Home,TOWANDA,Kellen,Pat,Ralph,C,A,B,A,A,CHASIDY
413,Jan,Hungry Heart,TOWANDA,Kellen,Pat,Ralph,A,A,B,A,A,Bryson
414,Jason,New Kid In Town,JONELL,Easton,Mary,Ralph,C,B,C,B,B,Brayden
415,Nickolas,Misty Mountain Hop,JONELL,Muhammad,Mary,Ralph,C,B,B,B,B,Jarred
416,LORENZA,Sgt. Pepper's Lonely Hearts Club Band (Reprise),JONELL,Kamron,Mary,Ralph,C,B,B,B,B,Eliseo
417,Vincent,Riders On The Storm,JONELL,Lincoln,Mary,Ralph,A,B,A,B,B,Dwight
418,Korbin,Drift Away,JONELL,Lincoln,Mary,Ralph,B,B,A,B,B,Myron
419,Sabastian,Long Distance Runaround,JONELL,Kane,Mary,Ralph,C,B,C,B,B,Jayson
420,Gaige,Runaround,JONELL,Samir,Mary,Ralph,A,B,A,B,B,MIA
421,Vincenzo,A Life Of Illusion,JONELL,Tommy,Mary,Ralph,A,B,C,B,B,DALIA
422,ALI,Jailbreak,JONELL,Eli,Mary,Ralph,C,B,A,B,B,Omar
423,INGER,Loser,JONELL,Eli,Mary,Ralph,A,B,A,B,B,VICKI
424,RENATE,Just Dropped In,JONELL,Eli,Mary,Ralph,C,B,A,B,B,August
425,Jarred,Thorn In My Pride,JONELL,Simeon,Mary,Ralph,C,B,B,B,B,Zachary
426,Tristian,Party,JONELL,Ralph,Mary,Ralph,A,B,B,B,B,Vincenzo
427,TANJA,Run Through the Jungle,JONELL,Draven,Mary,Ralph,B,B,A,B,B,Milton
428,Dewayne,Stranglehold,JONELL,Garrison,Mary,Ralph,C,B,B,B,B,SARAN
429,SIRENA,JOHNNY B. GOODE,JONELL,Bobby,Mary,Ralph,A,B,C,B,B,NICOLA
430,LACEY,Space Station #5,JONELL,Bobby,Mary,Ralph,B,B,C,B,B,LOMA
431,SEASON,Don't Stand So Close To Me,JONELL,Matthew,Mary,Ralph,A,B,B,B,B,GAYNELL
432,KITTY,Redneck Friend,JONELL,Karson,Mary,Ralph,C,B,A,B,B,Brady
433,ELIZA,While My Guitar Gently Weeps,JONELL,Kellen,Mary,Ralph,B,B,B,B,B,JUSTIN
434,Aric,Heading Out To The Highway,STEPHANIE,Easton,Mary,Ralph,A,B,C,B,B,SANA
435,JADA,Little By Little,STEPHANIE,Lincoln,Mary,Ralph,A,B,A,B,B,Clay
436,Braiden,Feelin' Alright,STEPHANIE,Tommy,Mary,Ralph,A,B,C,B,B,MELANY
437,DALIA,Open Arms,STEPHANIE,Tristin,Mary,Ralph,B,B,B,B,B,VICKI
438,MAGDALEN,Crocodile Rock,STEPHANIE,Tristin,Mary,Ralph,C,B,B,B,B,Eddie
439,VICKI,Voodoo Child (Slight Return),STEPHANIE,Heriberto,Mary,Ralph,A,B,A,B,B,Bronson
440,Clayton,Cold As Ice,STEPHANIE,Reid,Mary,Ralph,C,B,A,B,B,Jalon
441,JUNKO,We Belong,STEPHANIE,Simeon,Mary,Ralph,B,B,B,B,B,Zakary
442,Clifton,Cult Of Personality,STEPHANIE,Gaige,Mary,Ralph,B,B,A,B,B,Clay
443,LAVINIA,STILL THE ONE,STEPHANIE,Jeremiah,Mary,Ralph,C,B,B,B,B,Irvin
444,Micah,Hot Legs,STEPHANIE,Tobias,Mary,Ralph,B,B,C,B,B,Manuel
445,Kirk,New World Man,STEPHANIE,Tobias,Mary,Ralph,C,B,C,B,B,Myron
446,Xavier,Bringin' On The Heartbreak,STEPHANIE,Rogelio,Mary,Ralph,A,B,B,B,B,Pierre
447,Dillon,Invincible,STEPHANIE,Garrison,Mary,Ralph,C,B,B,B,B,Misael
448,Walker,Boogie With Stu,STEPHANIE,Zechariah,Mary,Ralph,C,B,C,B,B,Tyshawn
449,Rocky,Goodbye Stranger,STEPHANIE,Karson,Mary,Ralph,A,B,A,B,B,Khalid
450,Myron,Any Way You Want It,STEPHANIE,Miguel,Mary,Ralph,C,B,B,B,B,Peter
451,Ricky,Rock This Town,STEPHANIE,Kellen,Mary,Ralph,C,B,B,B,B,Dillon
452,Esteban,South City Midnight Lady,CLARINE,Easton,Liz,Ralph,A,C,C,C,C,Brody
453,Camren,Fire Down Below,CLARINE,Muhammad,Liz,Ralph,B,C,B,C,C,Kamron
454,Salvador,Rebel Yell,CLARINE,Deonte,Liz,Ralph,C,C,C,C,C,Toby
455,KERRY,Sweet Leaf,CLARINE,Kamron,Liz,Ralph,B,C,B,C,C,Alonso
456,Danny,Stop Draggin' My Heart Around,CLARINE,Tristin,Liz,Ralph,A,C,B,C,C,KEMBERLY
457,DEVORAH,Traveling Riverside Blues,CLARINE,Eli,Liz,Ralph,A,C,A,C,C,Billy
458,Hudson,I Drink Alone,CLARINE,Douglas,Liz,Ralph,C,C,C,C,C,EFFIE
459,ANGELINE,Man On The Corner,CLARINE,Simeon,Liz,Ralph,C,C,B,C,C,ANTONINA
460,DANYELLE,ANYTIME AT ALL,CLARINE,Jaylin,Liz,Ralph,B,C,B,C,C,Aidan
461,Ray,Get Out of Denver,CLARINE,Jaylin,Liz,Ralph,B,C,B,C,C,Dayne
462,Rickey,Burnin' for You,CLARINE,Anderson,Liz,Ralph,B,C,B,C,C,Jaydon
463,MODESTA,December,CLARINE,Marques,Liz,Ralph,C,C,C,C,C,DEVORAH
464,Manuel,Shine On You Crazy Diamond,CLARINE,Billy,Liz,Ralph,A,C,C,C,C,BETHEL
465,Darryl,Pride And Joy,CLARINE,Matthew,Liz,Ralph,A,C,B,C,C,JAYME
466,DYAN,Drift Away,CLARINE,Sawyer,Liz,Ralph,A,C,A,C,C,JANEAN
467,MAUDIE,You Never Give Me Your Money,CLARINE,Roy,Liz,Ralph,B,C,C,C,C,Allan
468,LEANORA,Heaven's On Fire,CLARINE,Roy,Liz,Ralph,B,C,C,C,C,Quintin
469,Felix,Hold On,CLARINE,Zachery,Liz,Ralph,C,C,A,C,C,MALKA
470,Demarcus,Right Place Wrong Time,DELIA,Muhammad,Mary,Ralph,A,C,B,C,C,Jaiden
471,Duane,Way Cool Jr.,DELIA,Muhammad,Mary,Ralph,C,C,B,C,C,Clay
472,Alden,Taxman,DELIA,Deonte,Mary,Ralph,A,C,C,C,C,ANNETTE
473,Angelo,Green Grass & High Tides,DELIA,Lincoln,Mary,Ralph,C,C,A,C,C,Aric
474,FARRAH,Sunday Bloody Sunday,DELIA,Kane,Mary,Ralph,B,C,C,C,C,SHANTI
475,Hayden,Round and Round,DELIA,Samir,Mary,Ralph,B,C,A,C,C,Jean
476,Brayden,What Do All The People Know,DELIA,Heriberto,Mary,Ralph,A,C,A,C,C,Brady
477,SHAWNA,Everlong,DELIA,Reid,Mary,Ralph,B,C,A,C,C,GITA
478,Jaxon,Telephone Line,DELIA,Levi,Mary,Ralph,C,C,B,C,C,Octavio
479,SHARITA,Freeze-frame,DELIA,Billy,Mary,Ralph,C,C,C,C,C,Spencer
480,GAYNELL,Even the Losers,DELIA,Draven,Mary,Ralph,B,C,A,C,C,Jay
481,EUSEBIA,Dream Police,DELIA,Allan,Mary,Ralph,C,C,B,C,C,STORMY
482,Jalon,Allentown,DELIA,Braydon,Mary,Ralph,C,C,C,C,C,Gaige
483,ILA,Livin' Thing,DELIA,Howard,Mary,Ralph,A,C,A,C,C,VAN
484,NORAH,Free Me,DELIA,Howard,Mary,Ralph,C,C,A,C,C,Bronson
485,Zachary,After Midnight,DELIA,Howard,Mary,Ralph,B,C,A,C,C,Maverick
486,HOLLEY,Run Like Hell,DELIA,Matthew,Mary,Ralph,C,C,B,C,C,Dylan
487,Kieran,My Kinda Lover,DELIA,Karson,Mary,Ralph,B,C,A,C,C,MELANY
488,Jarred,Killer Queen,DELIA,Karson,Mary,Ralph,B,C,A,C,C,Tevin
489,Carlos,Getting In Tune,DELIA,Alfonso,Mary,Ralph,A,C,C,C,C,GUDRUN
490,Kaleb,My Demons,DELIA,Sawyer,Mary,Ralph,A,C,A,C,C,MELISSA
491,Spencer,Signs,DELIA,Sawyer,Mary,Ralph,A,C,A,C,C,Kory
492,LADAWN,On a Plain,DELIA,Roy,Mary,Ralph,B,C,C,C,C,Conner
493,Johnathon,Take Me To The River,DELIA,Zachery,Mary,Ralph,C,C,A,C,C,LINNIE
494,JEANENE,Sgt. Pepper/with A Little Help From My Friends,AI,Muhammad,Barb,Ralph,C,B,B,B,B,META
495,Corbin,Going Mobile,AI,Muhammad,Barb,Ralph,C,B,B,B,B,Grant
496,Fidel,The Crystal Ship,AI,Vincent,Barb,Ralph,B,B,B,B,B,HARRIETT
497,SHERRY,Tarkio Road,AI,Tristin,Barb,Ralph,C,B,B,B,B,Maximilian
498,JACQUELIN,"Rock And Roll, Hoochie Koo",AI,Heriberto,Barb,Ralph,C,B,A,B,B,LAURI
499,Austin,Oye Como Va,AI,Heriberto,Barb,Ralph,C,B,A,B,B,ODETTE
500,Koby,Never Going Back Again,AI,Heriberto,Barb,Ralph,C,B,A,B,B,SEPTEMBER
501,DEANDRA,Young Lust,AI,Eli,Barb,Ralph,C,B,A,B,B,JACQUELIN
502,LIN,Hair Of The Dog,AI,Levi,Barb,Ralph,A,B,B,B,B,Nicholas
503,RENAE,Something To Believe In,AI,Gaige,Barb,Ralph,C,B,A,B,B,SVETLANA
504,TONIE,Night Time,AI,Billy,Barb,Ralph,C,B,C,B,B,PURA
505,MAYBELL,Living In The Past,AI,Allan,Barb,Ralph,A,B,B,B,B,Kennedy
506,LOLITA,P.s. I Love You,AI,Rogelio,Barb,Ralph,C,B,B,B,B,German
507,MYRA,I Want To Hold Your Hand,AI,Garrison,Barb,Ralph,A,B,B,B,B,CANDACE
508,Darian,Smokin' in the Boys Room,AI,Bobby,Barb,Ralph,C,B,C,B,B,Maximilian
509,ULRIKE,Handle with Care,AI,Zechariah,Barb,Ralph,C,B,C,B,B,JULEE
510,Craig,Cecilia,AI,Randy,Barb,Ralph,A,B,A,B,B,Fidel
511,JODEE,Changes,AI,Landon,Barb,Ralph,C,B,A,B,B,SHERRY
512,HANH,Wayside,AI,Alfonso,Barb,Ralph,B,B,C,B,B,BRIANA
513,Kobe,Ridin' the Storm Out,AI,Kellen,Barb,Ralph,A,B,B,B,B,KESHIA
514,Jean,Lords of Summer (First Pass Version),GRETCHEN,Muhammad,Pat,Ralph,C,B,B,B,B,JOCELYN
515,JOCELYN,Takin' Care Of Business,GRETCHEN,Bernard,Pat,Ralph,B,B,A,B,B,August
516,LOU,I'm the Only One,GRETCHEN,Heriberto,Pat,Ralph,C,B,A,B,B,GERALDINE
517,Jaxson,About a Girl,GRETCHEN,Reid,Pat,Ralph,C,B,A,B,B,USHA
518,Nickolas,Close My Eyes Forever,GRETCHEN,Derrick,Pat,Ralph,A,B,A,B,B,JENNINE
519,Spencer,The Lemon Song,GRETCHEN,Levi,Pat,Ralph,B,B,B,B,B,ANGEL
520,Jesse,Fuel,GRETCHEN,Gaige,Pat,Ralph,A,B,A,B,B,Malachi
521,GEORGIANN,Rocky Mountain Way,GRETCHEN,Jeremiah,Pat,Ralph,B,B,B,B,B,JENNINE
522,ALTHEA,Panic in Detroit,GRETCHEN,Ralph,Pat,Ralph,B,B,B,B,B,Walter
523,Enrique,Let's Get the Show on the Road,GRETCHEN,Ralph,Pat,Ralph,A,B,B,B,B,Kody
524,ELEONOR,Headed For A Heartbreak,GRETCHEN,Tobias,Pat,Ralph,C,B,C,B,B,EVELYNE
525,Tyrell,25 Or 6 To 4,GRETCHEN,Tobias,Pat,Ralph,A,B,C,B,B,SHAUNDA
526,BLANCH,"Another Park, Another Sunday",GRETCHEN,Javon,Pat,Ralph,B,B,B,B,B,LOVIE
527,EVELYNE,JOHNNY B. GOODE,GRETCHEN,Javon,Pat,Ralph,B,B,B,B,B,SEPTEMBER
528,CASSIE,Man On the Moon,GRETCHEN,Rogelio,Pat,Ralph,C,B,B,B,B,Quintin
529,LAURICE,Bad Case Of Lovin' You,GRETCHEN,Garrison,Pat,Ralph,A,B,B,B,B,Zackery
530,Quinn,Middle Of The Road,GRETCHEN,Braydon,Pat,Ralph,C,B,C,B,B,DIEDRA
531,Dandre,Cryin',GRETCHEN,Bobby,Pat,Ralph,A,B,C,B,B,Genaro
532,RISA,Hello Goodbye,GRETCHEN,Miguel,Pat,Ralph,C,B,B,B,B,ANGEL
533,Logan,Juke Box Hero,ALINA,Muhammad,Liz,Ralph,A,C,B,C,C,Jonas
534,ALVA,Smuggler's Blues,ALINA,Deonte,Liz,Ralph,C,C,C,C,C,Jared
535,ARIEL,Casey Jones,ALINA,Bernard,Liz,Ralph,C,C,A,C,C,Lukas
536,CRISTEN,The Midnight Special,ALINA,Tommy,Liz,Ralph,B,C,C,C,C,Bernardo
537,LEONTINE,I Saw the Light,ALINA,Tristin,Liz,Ralph,C,C,B,C,C,PARTICIA
538,Donavon,Up Around the Bend,ALINA,Dashawn,Liz,Ralph,A,C,A,C,C,Esteban
539,ANISHA,To Hell With the Devil,ALINA,Jaylin,Liz,Ralph,C,C,B,C,C,CRISTEN
540,Herbert,Cradle of Love,ALINA,Jaylin,Liz,Ralph,A,C,B,C,C,KAZUKO
541,Dayne,Hello It's Me,ALINA,Glenn,Liz,Ralph,A,C,C,C,C,BRITTANIE
542,REYNA,Simple Man,ALINA,Tobias,Liz,Ralph,C,C,C,C,C,Kamron
543,Jarod,Neon Knights,ALINA,Tobias,Liz,Ralph,A,C,C,C,C,Trever
544,Alonso,Maybe I'm Amazed,ALINA,Javon,Liz,Ralph,C,C,B,C,C,HATTIE
545,SUN,Saved By Zero,ALINA,Rogelio,Liz,Ralph,C,C,B,C,C,Esteban
546,Aidan,Dazed and Confused,ALINA,Braydon,Liz,Ralph,B,C,C,C,C,Mario
547,VALORIE,Sara,ALINA,Ethan,Liz,Ralph,B,C,A,C,C,MANDIE
548,INGE,Ain't That a Shame,ALINA,Howard,Liz,Ralph,B,C,A,C,C,KYRA
549,Zaire,Second Hand News,ALINA,Howard,Liz,Ralph,A,C,A,C,C,KEVIN
550,ANGELIKA,Smoke On The Water,ALINA,Matthew,Liz,Ralph,A,C,B,C,C,Sincere
551,MEGHAN,(I Can't Get No) Satisfaction,ALINA,Sawyer,Liz,Ralph,C,C,A,C,C,MARDELL
552,Tylor,Lodi,ALINA,Roy,Liz,Ralph,B,C,C,C,C,JOSELYN
553,Steven,Same Old Song and Dance,ALINA,Roy,Liz,Ralph,A,C,C,C,C,Erick
554,BETHEL,I'm Down,ALINA,Miguel,Liz,Ralph,C,C,B,C,C,CORALIE
555,Cooper,Hold On,ALINA,Kellen,Liz,Ralph,B,C,B,C,C,SOPHIE
556,Koby,Positively 4th Street,ALINA,Kellen,Liz,Ralph,B,C,B,C,C,Mario
557,Reagan,A Saturday Club Xmas/Crimble Medley,ALINA,Kellen,Liz,Ralph,B,C,B,C,C,Jabari
558,RAYLENE,There's Only One Way to Rock,DEANE,Muhammad,Barb,Ralph,B,C,B,C,C,Maximilian
559,Brock,Welcome To The Machine,DEANE,Deonte,Barb,Ralph,C,C,C,C,C,BRITTANIE
560,Donnell,Arrested For Driving While Blind,DEANE,Deonte,Barb,Ralph,C,C,C,C,C,HANH
561,Joaquin,Barracuda,DEANE,Kamron,Barb,Ralph,B,C,B,C,C,Tevin
562,Kenneth,Brain Stew/Jaded,DEANE,Vincenzo,Barb,Ralph,C,C,A,C,C,Jamarcus
563,ARGENTINA,Crimson And Clover,DEANE,Kameron,Barb,Ralph,A,C,B,C,C,Hector
564,JANIECE,Highway Star,DEANE,Reid,Barb,Ralph,A,C,A,C,C,Orlando
565,JUNIE,Freeway Jam,DEANE,Jeremiah,Barb,Ralph,B,C,B,C,C,ISELA
566,NANETTE,Crocodile Rock,DEANE,Jeremiah,Barb,Ralph,B,C,B,C,C,Darian
567,Jamarcus,Brain Stew/Jaded,DEANE,Jeremiah,Barb,Ralph,C,C,B,C,C,ALISHIA
568,ZELLA,Holiday,DEANE,Billy,Barb,Ralph,C,C,C,C,C,CHRISTEN
569,Nicholas,AND WE DANCED,DEANE,Billy,Barb,Ralph,B,C,C,C,C,Brock
570,AUTUMN,The Changeling,DEANE,Draven,Barb,Ralph,B,C,A,C,C,Freddie
571,KRISTAN,Are You Gonna Be My Girl,DEANE,Rogelio,Barb,Ralph,B,C,B,C,C,LESSIE
572,Harrison,Take It Easy,DEANE,Braydon,Barb,Ralph,A,C,C,C,C,Hector
573,Sheldon,Have You Ever Loved a Woman,DEANE,Steven,Barb,Ralph,B,C,A,C,C,Jairo
574,Angelo,Ain't Talkin' 'bout Love,DEANE,Steven,Barb,Ralph,B,C,A,C,C,BRITTANI
575,LAREE,Beds Are Burning,DEANE,Ethan,Barb,Ralph,C,C,A,C,C,BRITTANI
576,LASANDRA,On The Turning Away,DEANE,Bobby,Barb,Ralph,B,C,C,C,C,Jamarcus
577,LORRINE,You See Me Crying,DEANE,Howard,Barb,Ralph,B,C,A,C,C,Misael
578,Edgar,Thorn In My Pride,DEANE,Zechariah,Barb,Ralph,C,C,C,C,C,PURA
579,JOANNE,Mother's Little Helper,DEANE,Karson,Barb,Ralph,C,C,A,C,C,TONIE
580,Gideon,She Don't Know Me,DEANE,Roy,Barb,Ralph,C,C,C,C,C,JACQUELIN
581,SEPTEMBER,Spooky,DEANE,Kellen,Barb,Ralph,B,C,B,C,C,LASANDRA
582,GITA,Fire Down Below,ALEXANDRA,Muhammad,Mary,Ralph,A,C,B,C,C,Keshawn
583,Gordon,Do You Know What I Mean,ALEXANDRA,Deonte,Mary,Ralph,A,C,C,C,C,Darryl
584,Dante,Carry On,ALEXANDRA,Lincoln,Mary,Ralph,C,C,A,C,C,Jarred
585,Octavio,Gypsy Road,ALEXANDRA,Lincoln,Mary,Ralph,A,C,A,C,C,Keshawn
586,Tevin,Radioactive,ALEXANDRA,Vincenzo,Mary,Ralph,B,C,A,C,C,ALI
587,Liam,Treetop Flyer,ALEXANDRA,Kameron,Mary,Ralph,C,C,B,C,C,HOLLI
588,GEORGIANNE,Livin' Thing,ALEXANDRA,Douglas,Mary,Ralph,A,C,C,C,C,ELMA
589,DELORA,Can't You Hear Me Knocking,ALEXANDRA,Simeon,Mary,Ralph,A,C,B,C,C,LAVINA
590,Irvin,Where the Streets Have No Name,ALEXANDRA,Marques,Mary,Ralph,A,C,C,C,C,Ruben
591,CALLIE,I Can't Hold Back,ALEXANDRA,Levi,Mary,Ralph,B,C,B,C,C,SANA
592,Demetrius,Time Waits for No One,ALEXANDRA,Gaige,Mary,Ralph,B,C,A,C,C,SALINA
593,Johnny,Love Is Like Oxygen,ALEXANDRA,Billy,Mary,Ralph,B,C,C,C,C,SANORA
594,Tevin,I've Got a Rock 'N' Roll Heart,ALEXANDRA,Ralph,Mary,Ralph,A,C,B,C,C,Terrence
595,RACHAL,Someday (Single Mix),ALEXANDRA,Draven,Mary,Ralph,C,C,A,C,C,NU
596,Tyshawn,Screaming In The Night,ALEXANDRA,Allan,Mary,Ralph,C,C,B,C,C,Johnny
597,RETHA,30 Days In the Hole,ALEXANDRA,Tobias,Mary,Ralph,B,C,C,C,C,CALLIE
598,Vaughn,The Stranger,ALEXANDRA,Garrison,Mary,Ralph,B,C,B,C,C,JAYMIE
599,Alvaro,Big Time,ALEXANDRA,Steven,Mary,Ralph,B,C,A,C,C,Keshawn
600,Cornelius,My City Was Gone,ALEXANDRA,Karson,Mary,Ralph,C,C,A,C,C,RENEA
601,JENNA,Come As You Are,SHARLENE,Muhammad,Barb,Ralph,A,A,B,A,A,Alex
602,ELSA,I Still Haven't Found What I'm Looking For,SHARLENE,Deonte,Barb,Ralph,C,A,C,A,A,Koby
603,Eli,Hunger Strike,SHARLENE,Lincoln,Barb,Ralph,A,A,A,A,A,Harrison
604,CORIE,Mrs. Robinson,SHARLENE,Kane,Barb,Ralph,C,A,C,A,A,JANIECE
605,Sidney,If You Wanna Get to Heaven,SHARLENE,Kane,Barb,Ralph,C,A,C,A,A,SVETLANA
606,Tommy,Loco-Motion,SHARLENE,Vincent,Barb,Ralph,C,A,B,A,A,Lincoln
607,Rey,Why Don't We Get Drunk,SHARLENE,Bernard,Barb,Ralph,B,A,A,A,A,EVELINE
608,Bronson,Basket Case,SHARLENE,Bernard,Barb,Ralph,A,A,A,A,A,JULIANNA
609,ANJANETTE,My Kinda Lover,SHARLENE,Vincenzo,Barb,Ralph,B,A,A,A,A,SHERRY
610,LULU,Emotions in Motion,SHARLENE,Heriberto,Barb,Ralph,C,A,A,A,A,Bronson
611,HALINA,Heartless,SHARLENE,Eli,Barb,Ralph,C,A,A,A,A,JACQUELIN
612,PURA,Presence of the Lord,SHARLENE,Anderson,Barb,Ralph,A,A,B,A,A,ZELLA
613,IDELLA,Love Reign O'er Me,SHARLENE,Gaige,Barb,Ralph,C,A,A,A,A,JENNA
614,TANA,Back On The Road Again,SHARLENE,Billy,Barb,Ralph,B,A,C,A,A,SHERRY
615,Maximilian,Fire,SHARLENE,Allan,Barb,Ralph,A,A,B,A,A,CHRISTEN
616,MARCY,Listen To What The Man Says,SHARLENE,Howard,Barb,Ralph,C,A,A,A,A,Austin
617,Solomon,SOUL MAN,SHARLENE,Howard,Barb,Ralph,B,A,A,A,A,Kristopher
618,Blaine,You're All I've Got Tonight,SHARLENE,Zechariah,Barb,Ralph,A,A,C,A,A,JODEE
619,LESSIE,Golden Slumbers,SHARLENE,Sawyer,Barb,Ralph,A,A,A,A,A,Jaime
620,Jalen,THE CONTINUING STORY OF BUNG,SHARLENE,Sawyer,Barb,Ralph,B,A,A,A,A,Fred
621,YOKO,Live and Let Die,SHARLENE,Nigel,Barb,Ralph,A,A,B,A,A,MAHALIA
622,SVETLANA,"Careful With That Axe, Eugene",SHARLENE,Miguel,Barb,Ralph,A,A,B,A,A,MARLEEN
623,Lincoln,Owner of a Lonely Heart,SHARLENE,Miguel,Barb,Ralph,B,A,B,A,A,Harley
624,Kelton,Revolution,KARMA,Muhammad,Pat,Ralph,B,C,B,C,C,Xander
625,Kody,Friends Of Mine,KARMA,Deonte,Pat,Ralph,B,C,C,C,C,LUCILE
626,EUGENIA,Goodbye Blue Sky,KARMA,Samir,Pat,Ralph,C,C,A,C,C,Bryson
627,ANGEL,#9 Dream,KARMA,Vincent,Pat,Ralph,A,C,B,C,C,CHRISTENA
628,CAROLINA,The River,KARMA,Bernard,Pat,Ralph,B,C,A,C,C,ANN
629,LOVIE,With Arms Wide Open,KARMA,Tristin,Pat,Ralph,C,C,B,C,C,FANNY
630,Terry,Gloria,KARMA,Heriberto,Pat,Ralph,A,C,A,C,C,Mike
631,Carlton,Rock This Town,KARMA,Dashawn,Pat,Ralph,A,C,A,C,C,CAROLA
632,LUCILE,Sweetest Thing,KARMA,Eli,Pat,Ralph,B,C,A,C,C,THORA
633,Deshaun,House Of Pain,KARMA,Anderson,Pat,Ralph,A,C,B,C,C,Xander
634,LAQUITA,A Life Of Illusion,KARMA,Marques,Pat,Ralph,C,C,C,C,C,Alonzo
635,PATTY,You Don't Know How It Feels,KARMA,Levi,Pat,Ralph,C,C,B,C,C,Terry
636,Jonathan,It's Been Awhile,KARMA,Levi,Pat,Ralph,C,C,B,C,C,Sincere
637,Barrett,Sgt. Pepper Inner Groove,KARMA,Jeremiah,Pat,Ralph,B,C,B,C,C,SOPHIA
638,Dangelo,1984/jump,KARMA,Billy,Pat,Ralph,A,C,C,C,C,Miles
639,HILMA,Sad But True,KARMA,Glenn,Pat,Ralph,A,C,C,C,C,THORA
640,DIEDRA,That's All,KARMA,Draven,Pat,Ralph,A,C,A,C,C,ALTHEA
641,DANICA,Too Many People,KARMA,Draven,Pat,Ralph,B,C,A,C,C,MARIETTE
642,STEPHAINE,It Don't Come Easy,KARMA,Rogelio,Pat,Ralph,C,C,B,C,C,MEAGHAN
643,Ricky,Hey Nineteen,KARMA,Garrison,Pat,Ralph,A,C,B,C,C,Cristopher
644,KATY,Rocket Man,KARMA,Steven,Pat,Ralph,A,C,A,C,C,Marvin
645,Mohammed,Right Now,KARMA,Steven,Pat,Ralph,C,C,A,C,C,SHIRL
646,DESIREE,Boulevard Of Broken Dreams,KARMA,Warren,Pat,Ralph,A,C,C,C,C,JOCELYN
647,ZELDA,Signs,KARMA,Howard,Pat,Ralph,C,C,A,C,C,JENNINE
648,Willie,Roam,KARMA,Landon,Pat,Ralph,A,C,A,C,C,MYRIAM
649,JEANNA,In America,KARMA,Matthew,Pat,Ralph,B,C,B,C,C,Barrett
650,August,Radioactive,KARMA,Zachery,Pat,Ralph,C,C,A,C,C,Marvin
651,JOSELYN,The Ballad Of Curtis Loew,KARMA,Miguel,Pat,Ralph,A,C,B,C,C,Rolando
652,Manuel,Used To Bad News,AURA,Deonte,Mary,Ralph,C,A,C,A,A,LAVINA
653,ROSIO,Into The Fire,AURA,Lincoln,Mary,Ralph,C,A,A,A,A,Kelvin
654,JOANNA,(I Just) Died in Your Arms,AURA,Kane,Mary,Ralph,A,A,C,A,A,SALINA
655,MELANY,Fantasy,AURA,Kameron,Mary,Ralph,A,A,B,A,A,SEASON
656,SHAUNDA,Let Me Take You Home Tonight,AURA,Eli,Mary,Ralph,A,A,A,A,A,Deven
657,Aric,Arrested For Driving While Blind,AURA,Derrick,Mary,Ralph,A,A,A,A,A,Kory
658,KRISTAN,Blinded By the Light,AURA,Simeon,Mary,Ralph,B,A,B,A,A,Willie
659,Darryl,Waiting on a Friend,AURA,Billy,Mary,Ralph,C,A,C,A,A,Pierre
660,LENNIE,Art For Arts Sake,AURA,Allan,Mary,Ralph,C,A,B,A,A,Vaughn
661,Chris,Owner of a Lonely Heart,AURA,Braydon,Mary,Ralph,C,A,C,A,A,Aric
662,Infant,We Will Rock You/We Are The Champions,AURA,Braydon,Mary,Ralph,C,A,C,A,A,SEASON
663,LEIGHANN,Goodnight Saigon,AURA,Warren,Mary,Ralph,A,A,C,A,A,Jaxon
664,MAISIE,Clampdown,AURA,Howard,Mary,Ralph,B,A,A,A,A,Vincenzo
665,CICELY,Freeway Jam,AURA,Matthew,Mary,Ralph,C,A,B,A,A,SHANE
666,Jesus,With Or Without You,AURA,Matthew,Mary,Ralph,B,A,B,A,A,Arturo
667,DARLA,New Sensation,AURA,Karson,Mary,Ralph,A,A,A,A,A,Ismael
668,ROBBIN,The Trooper,AURA,Alfonso,Mary,Ralph,A,A,C,A,A,LAVINA
669,NOELIA,Jessica,AURA,Sawyer,Mary,Ralph,C,A,A,A,A,KRISTAN
670,ALISHIA,Don't Look Back,RUFINA,Deonte,Barb,Ralph,C,C,C,C,C,Ali
671,KESHIA,Sex Type Thing,RUFINA,Kamron,Barb,Ralph,B,C,B,C,C,IDELLA
672,SHIRLEEN,I Want A New Drug,RUFINA,Samir,Barb,Ralph,A,C,A,C,C,ISELA
673,JULEE,Your're Sixteen,RUFINA,Samir,Barb,Ralph,B,C,A,C,C,Austin
674,Derick,Bound for the Floor,RUFINA,Samir,Barb,Ralph,C,C,A,C,C,Tylor
675,JUNITA,Bullet With Butterfly Wings,RUFINA,Dashawn,Barb,Ralph,C,C,A,C,C,BRIGETTE
676,Ali,A Well Respected Man,RUFINA,Derrick,Barb,Ralph,A,C,A,C,C,LAURI
677,Harley,Kashmir,RUFINA,Anderson,Barb,Ralph,C,C,B,C,C,ZELLA
678,Darnell,Somebody Save Me,RUFINA,Marques,Barb,Ralph,B,C,C,C,C,ISELA
679,Adam,Let Me Roll It,RUFINA,Levi,Barb,Ralph,C,C,B,C,C,Braeden
680,Joel,Don't Stop Me Now,RUFINA,Billy,Barb,Ralph,C,C,C,C,C,JODEE
681,MARRY,19th Nervous Breakdown,RUFINA,Ralph,Barb,Ralph,A,C,B,C,C,German
682,Donte,Down To The Waterline,RUFINA,Ralph,Barb,Ralph,B,C,B,C,C,Kenneth
683,Donte,All Night Long,RUFINA,Allan,Barb,Ralph,C,C,B,C,C,PURA
684,BRIGETTE,Home by the Sea/Second Home by the Sea,RUFINA,Javon,Barb,Ralph,B,C,B,C,C,BRIANA
685,CANDACE,Into The Fire,RUFINA,Rogelio,Barb,Ralph,A,C,B,C,C,Joshua
686,Hector,Breakdown,RUFINA,Rogelio,Barb,Ralph,B,C,B,C,C,MARRY
687,META,Telephone Line,RUFINA,Braydon,Barb,Ralph,C,C,C,C,C,Rey
688,Keenan,Sangre Por Sangre,RUFINA,Howard,Barb,Ralph,A,C,A,C,C,Bronson
689,BRITTANIE,The Real Me,RUFINA,Karson,Barb,Ralph,C,C,A,C,C,Alex
690,CALISTA,Wherever I May Roam,RUFINA,Alfonso,Barb,Ralph,A,C,C,C,C,Riley
691,Jairo,Bad Reputation,RUFINA,Sawyer,Barb,Ralph,B,C,A,C,C,LULU
692,Gerard,Industrial Disease,AKILAH,Deonte,Pat,Ralph,C,B,C,B,B,TYLER
693,Erik,IN MY LIFE,AKILAH,Lincoln,Pat,Ralph,C,B,A,B,B,MARYANNE
694,GENOVEVA,I Love Rock 'n Roll,AKILAH,Bernard,Pat,Ralph,B,B,A,B,B,KEMBERLY
695,MICHELINA,Chest Fever,AKILAH,Vincenzo,Pat,Ralph,C,B,A,B,B,Augustus
696,MARIAH,Life's Been Good,AKILAH,Kameron,Pat,Ralph,C,B,B,B,B,Kaden
697,NICHOLE,Carpet Crawlers,AKILAH,Marques,Pat,Ralph,B,B,C,B,B,PHUNG
698,ROZELLA,Runnin' Down a Dream,AKILAH,Javon,Pat,Ralph,C,B,B,B,B,Quinn
699,Ronnie,Take On Me,AKILAH,Rogelio,Pat,Ralph,B,B,B,B,B,TYLER
700,Isai,America,AKILAH,Garrison,Pat,Ralph,A,B,B,B,B,Wade
701,Ladarius,Shakedown Street,AKILAH,Ethan,Pat,Ralph,B,B,A,B,B,ELEONOR
702,Sincere,Crazy Little Thing Called Love,AKILAH,Bobby,Pat,Ralph,C,B,C,B,B,TAMIE
703,LAVERA,Seven Bridges Road,AKILAH,Randy,Pat,Ralph,C,B,A,B,B,NATASHA
704,Tyree,American Pie,AKILAH,Matthew,Pat,Ralph,A,B,B,B,B,CAROLEE
705,MISTI,Havin' A Party,AKILAH,Sawyer,Pat,Ralph,B,B,A,B,B,Rolando
706,nan,Sweet Jane (Live),AKILAH,Kellen,Pat,Ralph,C,B,B,B,B,MINERVA
707,JOSHUA,Blitzkrieg Bop,ELFREDA,Deonte,Liz,Ralph,B,C,C,C,C,Jaylon
708,PAZ,You Don't Know How It Feels,ELFREDA,Eli,Liz,Ralph,C,C,A,C,C,CHRISTA
709,Jordy,Save Your Love,ELFREDA,Douglas,Liz,Ralph,B,C,C,C,C,JENI
710,Jaylon,Whole Lotta Rosie,ELFREDA,Anderson,Liz,Ralph,B,C,B,C,C,DANYELLE
711,MALKA,Southbound,ELFREDA,Glenn,Liz,Ralph,C,C,C,C,C,MEGHAN
712,KARENA,Kings and Queens,ELFREDA,Braydon,Liz,Ralph,A,C,C,C,C,NICKY
713,RHEBA,Under Pressure,ELFREDA,Steven,Liz,Ralph,B,C,A,C,C,Erick
714,ANTONINA,Breakdown,ELFREDA,Bobby,Liz,Ralph,B,C,C,C,C,CAMMIE
715,Raymundo,You're My Best Friend,ELFREDA,Warren,Liz,Ralph,B,C,C,C,C,Easton
716,MAYOLA,Get A Haircut,ELFREDA,Zechariah,Liz,Ralph,C,C,C,C,C,Lukas
717,ANGEL,Black Hole Sun,ELFREDA,Landon,Liz,Ralph,C,C,A,C,C,Larry
718,Kade,You Give Love A Bad Name,ELFREDA,Matthew,Liz,Ralph,B,C,B,C,C,Luca
719,Lucas,Don't Bring Me Down,ELFREDA,Alfonso,Liz,Ralph,B,C,C,C,C,REYNA
720,MARGENE,Raise Your Hands,ELFREDA,Roy,Liz,Ralph,B,C,C,C,C,Dexter
721,DELMA,One of These Nights,ELFREDA,Nigel,Liz,Ralph,A,C,B,C,C,Zakary
722,KELLIE,Do It Again,ELFREDA,Miguel,Liz,Ralph,B,C,B,C,C,Dayne
723,Mitchell,Where Have All the Good Times Gone!,MARYAM,Deonte,Pat,Ralph,B,B,C,B,B,Rolando
724,JENNINE,Come Together,MARYAM,Lincoln,Pat,Ralph,A,B,A,B,B,BEVERLEE
725,Adrian,I'm Down,MARYAM,Lincoln,Pat,Ralph,A,B,A,B,B,LAVERA
726,RONALD,Lady Madonna,MARYAM,Bernard,Pat,Ralph,B,B,A,B,B,KELLE
727,Tyree,Fortune Teller,MARYAM,Bernard,Pat,Ralph,B,B,A,B,B,TERESE
728,THORA,Bullet With Butterfly Wings,MARYAM,Vincenzo,Pat,Ralph,A,B,A,B,B,Grady
729,KEMBERLY,Tusk,MARYAM,Marques,Pat,Ralph,C,B,C,B,B,LAQUITA
730,USHA,Green Onions,MARYAM,Draven,Pat,Ralph,B,B,A,B,B,Ezequiel
731,Luca,The First Cut Is The Deepest,MARYAM,Allan,Pat,Ralph,B,B,B,B,B,Tyrell
732,Davon,Burn,MARYAM,Javon,Pat,Ralph,B,B,B,B,B,DIEDRA
733,KATRINA,Takin' It To The Streets,MARYAM,Zechariah,Pat,Ralph,B,B,C,B,B,Keshawn
734,MINERVA,Freeze-frame,MARYAM,Zechariah,Pat,Ralph,A,B,C,B,B,LOVE
735,Gilberto,THE SONG IS OVER,MARYAM,Zechariah,Pat,Ralph,A,B,C,B,B,Dangelo
736,Alfred,The Ripper,MALORIE,Deonte,Barb,Ralph,B,A,C,A,A,Koby
737,Jake,Sometimes A Fantasy,MALORIE,Deonte,Barb,Ralph,C,A,C,A,A,Brandon
738,SHIRELY,Down Under,MALORIE,Lincoln,Barb,Ralph,A,A,A,A,A,IESHA
739,Charles,Rumors In The Air,MALORIE,Lincoln,Barb,Ralph,B,A,A,A,A,Jalen
740,Daquan,My Love,MALORIE,Vincent,Barb,Ralph,B,A,B,A,A,Mason
741,Nicholas,Good Times Roll,MALORIE,Vincent,Barb,Ralph,A,A,B,A,A,ALISHIA
742,KEENA,What a Fool Believes,MALORIE,Tommy,Barb,Ralph,C,A,C,A,A,TANA
743,LATASHA,Get Off Of My Cloud,MALORIE,Anderson,Barb,Ralph,A,A,B,A,A,Joshua
744,KARISA,Top Jimmy,MALORIE,Marques,Barb,Ralph,A,A,C,A,A,SVETLANA
745,Kolton,Born Too Late,MALORIE,Ralph,Barb,Ralph,C,A,B,A,A,HANH
746,Giovanni,The Word,MALORIE,Glenn,Barb,Ralph,C,A,C,A,A,Harley
747,CHRISTEN,Looking For A Love,MALORIE,Braydon,Barb,Ralph,A,A,C,A,A,IDELL
748,IESHA,Forever Man,MALORIE,Steven,Barb,Ralph,C,A,A,A,A,Daquan
749,Braeden,Travelin' Man,MALORIE,Steven,Barb,Ralph,A,A,A,A,A,Braxton
750,JULIANNA,Stop Draggin' My Heart Around,MALORIE,Zechariah,Barb,Ralph,A,A,C,A,A,SEPTEMBER
751,Riley,No Excuses,MALORIE,Zechariah,Barb,Ralph,B,A,C,A,A,Isaias
752,ISELA,"Lovin', Touchin' Squeezin'",MALORIE,Karson,Barb,Ralph,C,A,A,A,A,JENNA
753,Marco,Penny Lane,RANA,Deonte,Liz,Ralph,C,A,C,A,A,Jaylen
754,EVELINE,Bennie And The Jets,RANA,Lincoln,Liz,Ralph,C,A,A,A,A,SUN
755,DENISSE,Old Man,RANA,Samir,Liz,Ralph,B,A,A,A,A,Dayne
756,KEVIN,Three Lock Box,RANA,Heriberto,Liz,Ralph,B,A,A,A,A,ARLYNE
757,CLORA,Coming Up,RANA,Heriberto,Liz,Ralph,A,A,A,A,A,MARGIT
758,Braeden,"My My, Hey Hey",RANA,Heriberto,Liz,Ralph,C,A,A,A,A,CAROLIN
759,Jose,Roller,RANA,Kameron,Liz,Ralph,B,A,B,A,A,JENI
760,MARRY,Devil Inside,RANA,Dashawn,Liz,Ralph,B,A,A,A,A,Jabari
761,Gustavo,A Hard Day's Night,RANA,Eli,Liz,Ralph,A,A,A,A,A,MEGHAN
762,Ari,Cradle of Love,RANA,Reid,Liz,Ralph,B,A,A,A,A,MARGENE
763,Amari,Like a Stone,RANA,Douglas,Liz,Ralph,C,A,C,A,A,MICHELE
764,Toby,Lonely Boy,RANA,Anderson,Liz,Ralph,A,A,B,A,A,Erik
765,EBONIE,Eruption - You Really Got Me,RANA,Rogelio,Liz,Ralph,B,A,B,A,A,Noe
766,ARCELIA,Mrs. Robinson,RANA,Steven,Liz,Ralph,A,A,A,A,A,CORALIE
767,Armando,Since I've Been Loving You,RANA,Warren,Liz,Ralph,B,A,C,A,A,CELENA
768,LEANNE,Strawberry Fields Forever,RANA,Howard,Liz,Ralph,C,A,A,A,A,Luke
769,Mason,Yesterday,RANA,Howard,Liz,Ralph,B,A,A,A,A,Mario
770,HILARIA,TWO OUT OF THREE AIN'T BAD,RANA,Randy,Liz,Ralph,C,A,A,A,A,Jackie
771,Khalid,People Are Strange,RANA,Landon,Liz,Ralph,A,A,A,A,A,Maxwell
772,Dalton,Crazy Little Thing Called Love,RANA,Landon,Liz,Ralph,B,A,A,A,A,Tristen
773,Dayne,Is She Really Going Out With Him?,RANA,Karson,Liz,Ralph,A,A,A,A,A,SHIRLENE
774,Isidro,How You Remind Me,RANA,Alfonso,Liz,Ralph,C,A,C,A,A,Mohammad
775,Deonte,Empty Spaces,RANA,Sawyer,Liz,Ralph,C,A,A,A,A,SHALANDA
776,KAITLIN,Tush,RANA,Miguel,Liz,Ralph,B,A,B,A,A,Easton
777,HARRIETTE,I've Just Seen A Face,CONSUELO,Kamron,Liz,Ralph,A,C,B,C,C,Raymundo
778,SHANTAY,Well All Right,CONSUELO,Lincoln,Liz,Ralph,B,C,A,C,C,Allan
779,Mitchel,No Matter What,CONSUELO,Kane,Liz,Ralph,A,C,C,C,C,Efren
780,Stephan,My Hero,CONSUELO,Samir,Liz,Ralph,A,C,A,C,C,SHONA
781,SHIRLENE,Runnin' Down a Dream,CONSUELO,Vincenzo,Liz,Ralph,C,C,A,C,C,SHONA
782,CATALINA,Elderly Woman Behind the Counter in a Small Town,CONSUELO,Tristin,Liz,Ralph,B,C,B,C,C,CATHERIN
783,Terrell,Witchy Woman,CONSUELO,Dashawn,Liz,Ralph,C,C,A,C,C,Jovani
784,CREOLA,I Love Rock 'n Roll,CONSUELO,Marques,Liz,Ralph,C,C,C,C,C,Hudson
785,Henry,Radioactive,CONSUELO,Jeremiah,Liz,Ralph,B,C,B,C,C,Hudson
786,CHRISTA,Welcome To My Nightmare,CONSUELO,Billy,Liz,Ralph,C,C,C,C,C,Alfred
787,Keegan,Take It Easy,CONSUELO,Billy,Liz,Ralph,C,C,C,C,C,Hunter
788,ANGELICA,Bitch,CONSUELO,Ralph,Liz,Ralph,A,C,B,C,C,CHRISSY
789,KATHERIN,Shine On You Crazy Diamond,CONSUELO,Glenn,Liz,Ralph,A,C,C,C,C,CHRISTA
790,MARDELL,The Spirit of Radio,CONSUELO,Javon,Liz,Ralph,C,C,B,C,C,MAYOLA
791,BASILIA,Illegal Smile,CONSUELO,Rogelio,Liz,Ralph,C,C,B,C,C,LEONTINE
792,KYRA,No Sugar Tonight / New Mother Nature,CONSUELO,Braydon,Liz,Ralph,A,C,C,C,C,Rolando
793,Maxwell,Prove It All Night,CONSUELO,Braydon,Liz,Ralph,B,C,C,C,C,CARMELINA
794,BRITTANIE,Better Man,CONSUELO,Howard,Liz,Ralph,C,C,A,C,C,Mitchel
795,Bronson,One Thing Leads To Another,CONSUELO,Howard,Liz,Ralph,C,C,A,C,C,Devon
796,ANISSA,Lady Writer,CONSUELO,Zechariah,Liz,Ralph,C,C,C,C,C,MARGIT
797,REITA,Jeremy,CONSUELO,Zechariah,Liz,Ralph,A,C,C,C,C,BERNADETTE
798,LOYCE,Reelin' in the Years,CONSUELO,Randy,Liz,Ralph,A,C,A,C,C,BERNADETTE
799,ALYSSA,Wheels Of Fortune,CONSUELO,Landon,Liz,Ralph,B,C,A,C,C,Jordy
800,Alfred,Love Bites,KANISHA,Kamron,Liz,Ralph,A,B,B,B,B,Trever
801,JENNI,Crazy Little Thing Called Love,KANISHA,Kane,Liz,Ralph,A,B,C,B,B,REYNA
802,KATHYRN,Funk #49,KANISHA,Kane,Liz,Ralph,C,B,C,B,B,Irvin
803,CHRISTAL,Pride And Joy,KANISHA,Samir,Liz,Ralph,B,B,A,B,B,Armando
804,REFUGIO,Hold The Line,KANISHA,Tommy,Liz,Ralph,A,B,C,B,B,Cody
805,Ross,You're Going To Lose That Girl,KANISHA,Vincenzo,Liz,Ralph,A,B,A,B,B,Khalid
806,KAZUKO,Dance the Night Away,KANISHA,Heriberto,Liz,Ralph,B,B,A,B,B,Sincere
807,DAGMAR,Looking For A Love,KANISHA,Kameron,Liz,Ralph,B,B,B,B,B,REFUGIO
808,KARENA,Jump,KANISHA,Dashawn,Liz,Ralph,A,B,A,B,B,KAITLIN
809,Hunter,Wicked Sensation,KANISHA,Eli,Liz,Ralph,A,B,A,B,B,Jovani
810,Irving,New Kid In Town,KANISHA,Eli,Liz,Ralph,B,B,A,B,B,MAUDIE
811,JANEAN,Losing My Religion,KANISHA,Jaylin,Liz,Ralph,B,B,B,B,B,Domenic
812,Bret,Machinehead,KANISHA,Jaylin,Liz,Ralph,C,B,B,B,B,VALORIE
813,Nikhil,Boogie With Stu,KANISHA,Anderson,Liz,Ralph,B,B,B,B,B,Marco
814,GLORIA,Another One Bites the Dust,KANISHA,Jeremiah,Liz,Ralph,B,B,B,B,B,GLADIS
815,Erick,YOU GOTTA MOVE,KANISHA,Jeremiah,Liz,Ralph,C,B,B,B,B,Jerome
816,JENI,Eye of the Tiger,KANISHA,Glenn,Liz,Ralph,B,B,C,B,B,Tylor
817,Nikhil,Lay Down Sally,KANISHA,Tobias,Liz,Ralph,B,B,C,B,B,CAMI
818,Jaylen,Cigarette,KANISHA,Steven,Liz,Ralph,A,B,A,B,B,Luke
819,Gerald,When I Come Around,KANISHA,Steven,Liz,Ralph,B,B,A,B,B,KARENA
820,QUYEN,Blurry,KANISHA,Karson,Liz,Ralph,B,B,A,B,B,Dexter
821,Latrell,Night Time,KANISHA,Sawyer,Liz,Ralph,A,B,A,B,B,Braeden
822,Ricardo,Hot Blooded,KANISHA,Nigel,Liz,Ralph,C,B,B,B,B,MAXINE
823,Jaime,Tainted Love,ETHYL,Kamron,Barb,Ralph,A,A,B,A,A,PURA
824,Jaxon,Fooled around and Fell in Love,ETHYL,Lincoln,Barb,Ralph,C,A,A,A,A,IDELLA
825,Bradly,Bad Company,ETHYL,Kane,Barb,Ralph,C,A,C,A,A,Jake
826,Vaughn,Ticket to Ride,ETHYL,Bernard,Barb,Ralph,C,A,A,A,A,MAYBELL
827,JANNIE,Roll Me Away,ETHYL,Vincenzo,Barb,Ralph,B,A,A,A,A,HALLIE
828,LOUIS,Take Me to the Pilot,ETHYL,Tristin,Barb,Ralph,A,A,B,A,A,SHIRLEEN
829,Vicente,Across The Universe,ETHYL,Tristin,Barb,Ralph,B,A,B,A,A,Eugene
830,German,Where the Streets Have No Name,ETHYL,Heriberto,Barb,Ralph,B,A,A,A,A,PURA
831,Tevin,Evil Ways,ETHYL,Kameron,Barb,Ralph,A,A,B,A,A,MARLEEN
832,Orlando,The Long And Winding Road,ETHYL,Dashawn,Barb,Ralph,B,A,A,A,A,Bradly
833,Harley,Your Song,ETHYL,Simeon,Barb,Ralph,A,A,B,A,A,Harrison
834,Preston,Space Cowboy,ETHYL,Jaylin,Barb,Ralph,A,A,B,A,A,SEPTEMBER
835,Kristopher,Metal Health,ETHYL,Marques,Barb,Ralph,A,A,C,A,A,Adam
836,Jonathan,I Know I'm Losing You,ETHYL,Marques,Barb,Ralph,A,A,C,A,A,TERRIE
837,BRITTANI,Born Too Late,ETHYL,Jeremiah,Barb,Ralph,A,A,B,A,A,Freddie
838,Jerome,Train Kept A-Rollin',ETHYL,Billy,Barb,Ralph,A,A,C,A,A,JUNITA
839,Grant,Young Lust,ETHYL,Billy,Barb,Ralph,B,A,C,A,A,IDELL
840,Eugene,(You Gotta) Fight for Your Right (To Party),ETHYL,Ralph,Barb,Ralph,A,A,B,A,A,Edgar
841,Mason,Harmony,ETHYL,Rogelio,Barb,Ralph,A,A,B,A,A,LESSIE
842,Colt,Dirty Work,ETHYL,Rogelio,Barb,Ralph,C,A,B,A,A,Joaquin
843,MARLEEN,Under Pressure,ETHYL,Braydon,Barb,Ralph,A,A,C,A,A,BRIGETTE
844,Johnathan,Born In the U.S.A.,ETHYL,Steven,Barb,Ralph,B,A,A,A,A,TAI
845,AMI,Horizontal Bop,ETHYL,Ethan,Barb,Ralph,B,A,A,A,A,MARLEEN
846,TERRIE,PRETTY WOMAN,ETHYL,Ethan,Barb,Ralph,B,A,A,A,A,YOKO
847,Isaias,Shout,ETHYL,Warren,Barb,Ralph,B,A,C,A,A,Angelo
848,SENAIDA,Test For Echo,ETHYL,Landon,Barb,Ralph,C,A,A,A,A,MYRA
849,TAI,By the Way,ETHYL,Matthew,Barb,Ralph,B,A,B,A,A,JENNA
850,JIN,Hey Jude (Live),ETHYL,Sawyer,Barb,Ralph,A,A,A,A,A,Jairo
851,Nikolas,So Into You,FERMINA,Kamron,Pat,Ralph,A,A,B,A,A,Tyree
852,Isaiah,Gimme All Your Lovin,FERMINA,Tristin,Pat,Ralph,C,A,B,A,A,MARIAH
853,Alessandro,Good Times Bad Times,FERMINA,Tristin,Pat,Ralph,C,A,B,A,A,LAVERA
854,TIESHA,Don't Go Away Mad (Just Go Away),FERMINA,Kameron,Pat,Ralph,B,A,B,A,A,Marcus
855,MOLLY,Fly,FERMINA,Kameron,Pat,Ralph,B,A,B,A,A,Mike
856,TAINA,Wild Honey Pie,FERMINA,Billy,Pat,Ralph,A,A,C,A,A,Nicolas
857,Braxton,House Of The Rising Sun,FERMINA,Tobias,Pat,Ralph,B,A,C,A,A,Weston
858,Kory,Dazed and Confused,FERMINA,Rogelio,Pat,Ralph,A,A,B,A,A,Nigel
859,Jarred,Livin' On the Fault Line,FERMINA,Garrison,Pat,Ralph,B,A,B,A,A,ECHO
860,SEPTEMBER,Heat of the Moment,FERMINA,Braydon,Pat,Ralph,A,A,C,A,A,IDELLA
861,Walter,Come Sail Away,FERMINA,Braydon,Pat,Ralph,A,A,C,A,A,TARYN
862,FERNE,Two Tickets To Paradise,FERMINA,Bobby,Pat,Ralph,A,A,C,A,A,CRISTIE
863,Brant,Casey Jones,FERMINA,Zechariah,Pat,Ralph,B,A,C,A,A,Jesse
864,JACQUE,Bullet the Blue Sky,FERMINA,Zachery,Pat,Ralph,B,A,A,A,A,KIMBERLEE
865,GENNIE,Foolin',FERMINA,Nigel,Pat,Ralph,C,A,B,A,A,LEANA
866,TAMMI,I've Just Seen A Face,FERMINA,Kellen,Pat,Ralph,B,A,B,A,A,Willie
867,Carson,Crossfire,FERMINA,Kellen,Pat,Ralph,A,A,B,A,A,Deion
868,MICHAELE,In the Air Tonight,LOLITA,Kamron,Pat,Ralph,B,C,B,C,C,TAINA
869,LOUIE,ALL YOU ZOMBIES,LOLITA,Vincent,Pat,Ralph,A,C,B,C,C,LOUIE
870,Darrell,"De Do Do Do, De Da Da Da",LOLITA,Tommy,Pat,Ralph,C,C,C,C,C,Kaden
871,Blaze,Home by the Sea/Second Home by the Sea,LOLITA,Tommy,Pat,Ralph,B,C,C,C,C,TERESE
872,PRECIOUS,No Time,LOLITA,Tristin,Pat,Ralph,C,C,B,C,C,FANNY
873,Samir,Intruder/ Pretty Woman,LOLITA,Heriberto,Pat,Ralph,C,C,A,C,C,Gilberto
874,CARI,LITTLE CHILD,LOLITA,Reid,Pat,Ralph,C,C,A,C,C,Ronnie
875,Deshaun,Little Queenie,LOLITA,Douglas,Pat,Ralph,A,C,C,C,C,MICHELINA
876,LAKENDRA,Venus and Mars/Rock Show,LOLITA,Anderson,Pat,Ralph,B,C,B,C,C,CRISTIE
877,Cody,The Wanton Song,LOLITA,Marques,Pat,Ralph,C,C,C,C,C,LYN
878,Terrence,I Melt With You,LOLITA,Jeremiah,Pat,Ralph,A,C,B,C,C,Adrian
879,Henry,YOUR MOTHER SHOULD KNOW,LOLITA,Allan,Pat,Ralph,B,C,B,C,C,Malik
880,LAMONICA,Hell in a Bucket,LOLITA,Tobias,Pat,Ralph,B,C,C,C,C,Matthew
881,WANETA,Can't Stand Losing You,LOLITA,Garrison,Pat,Ralph,A,C,B,C,C,ROBBIN
882,Quintin,Something's Happening/,LOLITA,Braydon,Pat,Ralph,B,C,C,C,C,Kenyon
883,MARYANNE,I Can't Quit You Baby,LOLITA,Warren,Pat,Ralph,B,C,C,C,C,Carlton
884,SHAUNDA,Games People Play,LOLITA,Randy,Pat,Ralph,A,C,A,C,C,Chaim
885,Johnnie,Leather and Lace,LOLITA,Kellen,Pat,Ralph,A,C,B,C,C,Landen
886,Jermaine,Come to Poppa,HELLEN,Kamron,Liz,Ralph,A,A,B,A,A,ARCELIA
887,Dayne,Cross-eyed Mary,HELLEN,Vincent,Liz,Ralph,B,A,B,A,A,Tylor
888,Johnnie,South City Midnight Lady,HELLEN,Vincenzo,Liz,Ralph,A,A,A,A,A,PENNIE
889,SHONA,Turn Me Loose,HELLEN,Heriberto,Liz,Ralph,C,A,A,A,A,Maxwell
890,CATHEY,Friday on My Mind,HELLEN,Dashawn,Liz,Ralph,A,A,A,A,A,ELOISA
891,Vincenzo,With a Little Luck,HELLEN,Jaylin,Liz,Ralph,A,A,B,A,A,Nikhil
892,ARLETTE,Trippin' on a Hole in a Paper Heart,HELLEN,Levi,Liz,Ralph,A,A,B,A,A,DELIA
893,Irvin,I'm On Fire,HELLEN,Allan,Liz,Ralph,A,A,B,A,A,Alfred
894,Efren,Civil War,HELLEN,Tobias,Liz,Ralph,B,A,C,A,A,CORDELIA
895,DELIA,It's Still Rock And Roll To Me,HELLEN,Javon,Liz,Ralph,B,A,B,A,A,Sincere
896,Lamont,Rain On The Scarecrow,HELLEN,Garrison,Liz,Ralph,C,A,B,A,A,Jovani
897,ALISSA,Synchronicity II,HELLEN,Bobby,Liz,Ralph,C,A,C,A,A,JAYMIE
898,Zander,Twentieth Century Fox,HELLEN,Landon,Liz,Ralph,A,A,A,A,A,ALVA
899,Jeremiah,And She Was,HELLEN,Landon,Liz,Ralph,B,A,A,A,A,Myles
900,Javonte,In A Gadda Da Vida,HELLEN,Karson,Liz,Ralph,A,A,A,A,A,Terrell
901,Darion,I'm So Glad,HELLEN,Karson,Liz,Ralph,B,A,A,A,A,FONDA
902,Jamari,Locomotive Breath,HELLEN,Alfonso,Liz,Ralph,A,A,C,A,A,EVIA
903,FONDA,Bicycle Race/fat Bottomed Girls,HELLEN,Sawyer,Liz,Ralph,B,A,A,A,A,Hudson
904,Jared,This Beat Goes on/Switching to Glide,HELLEN,Zachery,Liz,Ralph,B,A,A,A,A,Jabari
905,ROSALYN,It Can Happen,HELLEN,Miguel,Liz,Ralph,C,A,B,A,A,JULIAN
906,VALARIE,Snortin Whiskey,HWA,Lincoln,Barb,Ralph,C,A,A,A,A,MAHALIA
907,Sonny,Bullfrog Blues,HWA,Heriberto,Barb,Ralph,B,A,A,A,A,DEANDRA
908,HALLIE,Oh Sherrie,HWA,Kameron,Barb,Ralph,A,A,B,A,A,Ali
909,ODETTE,Medusa,HWA,Reid,Barb,Ralph,C,A,A,A,A,Ralph
910,Joshua,Learn To Fly,HWA,Reid,Barb,Ralph,A,A,A,A,A,CORIE
911,Brandon,Spirit In The Night,HWA,Reid,Barb,Ralph,C,A,A,A,A,CALISTA
912,LAURI,The Sounds Of Silence,HWA,Derrick,Barb,Ralph,B,A,A,A,A,Alex
913,Hector,Eight Miles High,HWA,Simeon,Barb,Ralph,A,A,B,A,A,LATASHA
914,Fred,Dust In The Wind,HWA,Jaylin,Barb,Ralph,B,A,B,A,A,ALISHIA
915,Tylor,La Grange,HWA,Anderson,Barb,Ralph,C,A,B,A,A,Koby
916,Erik,Wonderwall,HWA,Marques,Barb,Ralph,C,A,C,A,A,ELSA
917,Syed,I've Got a Rock 'N' Roll Heart,HWA,Marques,Barb,Ralph,B,A,C,A,A,LATASHA
918,Harry,"My My, Hey Hey",HWA,Levi,Barb,Ralph,B,A,B,A,A,SHIRELY
919,JUSTA,Stay with Me,JANETTE,Lincoln,Liz,Ralph,B,B,A,B,B,SHARICE
920,EFFIE,Had a Dream (Sleeping With the Enemy),JANETTE,Vincenzo,Liz,Ralph,B,B,A,B,B,MARDELL
921,ANTONIO,Don't Stop Believin',JANETTE,Tristin,Liz,Ralph,B,B,B,B,B,Lukas
922,Fredrick,Blaze of Glory,JANETTE,Tristin,Liz,Ralph,B,B,B,B,B,Todd
923,Omar,Babe I'm Gonna Leave You,JANETTE,Reid,Liz,Ralph,B,B,A,B,B,Jamari
924,Jaydon,Wild Night,JANETTE,Douglas,Liz,Ralph,B,B,C,B,B,KEMBERLY
925,RHONA,I Thank You,JANETTE,Simeon,Liz,Ralph,A,B,B,B,B,Cody
926,Devon,I'm On Fire,JANETTE,Simeon,Liz,Ralph,A,B,B,B,B,Jace
927,Brody,Who Can It Be Now?,JANETTE,Simeon,Liz,Ralph,B,B,B,B,B,KATHYRN
928,JAYMIE,Lords of Summer (First Pass Version),JANETTE,Billy,Liz,Ralph,A,B,C,B,B,MIRIAN
929,Nasir,Cowboy,JANETTE,Billy,Liz,Ralph,B,B,C,B,B,Ahmad
930,SOPHIE,Love Is Alive,JANETTE,Rogelio,Liz,Ralph,A,B,B,B,B,SUN
931,Conor,The Long Run,JANETTE,Bobby,Liz,Ralph,B,B,C,B,B,Zaire
932,Pedro,Sunday Bloody Sunday,JANETTE,Warren,Liz,Ralph,C,B,C,B,B,Koby
933,BRIGETTE,Hi Hi Hi,JANETTE,Zechariah,Liz,Ralph,C,B,C,B,B,KARENA
934,MIRIAN,Rocky Mountain Way,JANETTE,Randy,Liz,Ralph,A,B,A,B,B,MICHELE
935,JERLENE,Houseparty,JANETTE,Matthew,Liz,Ralph,B,B,B,B,B,Aidan
936,Larry,Born To Run,JANETTE,Roy,Liz,Ralph,C,B,C,B,B,BASILIA
937,SHIRL,Photograph,SALLIE,Lincoln,Pat,Ralph,A,C,A,C,C,JULIA
938,Sawyer,Take Me In Your Arms,SALLIE,Samir,Pat,Ralph,B,C,A,C,C,SOPHIA
939,Mario,No One to Run With,SALLIE,Bernard,Pat,Ralph,B,C,A,C,C,Quintin
940,JOY,Don't Stop,SALLIE,Tommy,Pat,Ralph,C,C,C,C,C,LOVIE
941,ANGEL,Fantasy,SALLIE,Dashawn,Pat,Ralph,A,C,A,C,C,Deion
942,ESTELA,Mony Mony,SALLIE,Anderson,Pat,Ralph,B,C,B,C,C,Kristian
943,CHRISTENA,Roam,SALLIE,Jeremiah,Pat,Ralph,B,C,B,C,C,Alec
944,Billy,Lightning Bolt,SALLIE,Jeremiah,Pat,Ralph,A,C,B,C,C,Braxton
945,KATHLEEN,Roadrunner,SALLIE,Billy,Pat,Ralph,B,C,C,C,C,ANGELINA
946,CRISTIE,Killer Queen,SALLIE,Tobias,Pat,Ralph,C,C,C,C,C,Demarco
947,Weston,Lust for Life,SALLIE,Rogelio,Pat,Ralph,B,C,B,C,C,Cole
948,Roy,Forever Man,SALLIE,Garrison,Pat,Ralph,B,C,B,C,C,Quinn
949,LONNIE,Send Her My Love,SALLIE,Braydon,Pat,Ralph,C,C,C,C,C,Dangelo
950,Grady,Love Her Madly,SALLIE,Howard,Pat,Ralph,B,C,A,C,C,RAGUEL
951,Javonte,Goodbye To Romance,SALLIE,Howard,Pat,Ralph,C,C,A,C,C,JAYNA
952,Dallin,BLUE MONEY,SALLIE,Zechariah,Pat,Ralph,A,C,C,C,C,KRYSTLE
953,Connor,Tube Snake Boogie,SALLIE,Zechariah,Pat,Ralph,B,C,C,C,C,Ezequiel
954,Benny,Ohio,SALLIE,Randy,Pat,Ralph,C,C,A,C,C,EULALIA
955,Landen,Radioactive,SALLIE,Randy,Pat,Ralph,B,C,A,C,C,CHELSEA
956,Dangelo,GONNA GET YA,SALLIE,Kellen,Pat,Ralph,B,C,B,C,C,NERISSA
957,Wade,Seventeen,ALAYNA,Kane,Pat,Ralph,C,C,C,C,C,LEANA
958,DOMITILA,The One I Love,ALAYNA,Vincent,Pat,Ralph,B,C,B,C,C,Tyree
959,SIRENA,Livin' On the Fault Line,ALAYNA,Tommy,Pat,Ralph,B,C,C,C,C,GRAYCE
960,Augustus,Hurts So Good,ALAYNA,Tristin,Pat,Ralph,B,C,B,C,C,CASSY
961,EDDA,"Always With Me, Always With You",ALAYNA,Dashawn,Pat,Ralph,A,C,A,C,C,VALERY
962,Troy,In America,ALAYNA,Dashawn,Pat,Ralph,A,C,A,C,C,Davon
963,SHARMAINE,On a Plain,ALAYNA,Simeon,Pat,Ralph,C,C,B,C,C,Israel
964,Malik,Rock You Like a Hurricane,ALAYNA,Simeon,Pat,Ralph,C,C,B,C,C,DESIREE
965,Herbert,(You Gotta) Fight for Your Right (To Party),ALAYNA,Marques,Pat,Ralph,B,C,C,C,C,STEPHAINE
966,Nico,I Can't Stand It,ALAYNA,Gaige,Pat,Ralph,A,C,A,C,C,MARYANNE
967,Jett,Going to California,ALAYNA,Jeremiah,Pat,Ralph,B,C,B,C,C,Augustus
968,Mike,Too Late for Love,ALAYNA,Billy,Pat,Ralph,A,C,C,C,C,Jakob
969,Keshawn,Breakfast in America,ALAYNA,Ralph,Pat,Ralph,B,C,B,C,C,Efrain
970,CHASIDY,Something To Believe In,ALAYNA,Glenn,Pat,Ralph,A,C,C,C,C,Emilio
971,MYRIAM,Loser,ALAYNA,Glenn,Pat,Ralph,A,C,C,C,C,Deion
972,SOPHIA,Headed For A Heartbreak,ALAYNA,Draven,Pat,Ralph,B,C,A,C,C,Alessandro
973,IDELLA,Fly,ALAYNA,Allan,Pat,Ralph,C,C,B,C,C,Tyrell
974,Malachi,Running On Empty,ALAYNA,Tobias,Pat,Ralph,C,C,C,C,C,CARI
975,TYLER,Juke Box Hero,ALAYNA,Javon,Pat,Ralph,B,C,B,C,C,BEVERLEE
976,Ethan,Master of Puppets,ALAYNA,Rogelio,Pat,Ralph,A,C,B,C,C,WANETA
977,Brice,Lonely Boy,ALAYNA,Garrison,Pat,Ralph,C,C,B,C,C,Jarred
978,MARYBETH,Summer Nights,ALAYNA,Braydon,Pat,Ralph,B,C,C,C,C,Deshaun
979,ECHO,Welcome to the Jungle,ALAYNA,Steven,Pat,Ralph,C,C,A,C,C,JOCELYN
980,Anderson,Day Tripper,GIANNA,Kane,Mary,Ralph,A,A,C,A,A,Conner
981,Harrison,Rock 'n' Roll Fantasy,GIANNA,Kane,Mary,Ralph,B,A,C,A,A,Rashad
982,Sabastian,Cry Sister,GIANNA,Tommy,Mary,Ralph,B,A,C,A,A,Asa
983,Rhett,The Boys Are Back In Town,GIANNA,Tristin,Mary,Ralph,C,A,B,A,A,Kory
984,Salvador,Jesus Is Just Alright,GIANNA,Reid,Mary,Ralph,A,A,A,A,A,Duane
985,NU,Iron Man,GIANNA,Derrick,Mary,Ralph,B,A,A,A,A,SHARITA
986,SARAN,Uncle Albert/Admiral Halsey,GIANNA,Glenn,Mary,Ralph,C,A,C,A,A,Deven
987,Keon,When You Dance I Can Really Love,GIANNA,Tobias,Mary,Ralph,A,A,C,A,A,KRISTAN
988,Marshall,What's Your Name,GIANNA,Rogelio,Mary,Ralph,B,A,B,A,A,LARRY
989,Kareem,The Warrior,GIANNA,Rogelio,Mary,Ralph,A,A,B,A,A,ALVA
990,Omar,Honky Tonk Women,GIANNA,Matthew,Mary,Ralph,C,A,B,A,A,DORTHY
991,Gino,Rockin' Down The Highway,GIANNA,Nigel,Mary,Ralph,A,A,B,A,A,Rogelio
992,Koby,It Don't Come Easy,GIANNA,Nigel,Mary,Ralph,A,A,B,A,A,GUDRUN
993,Kenyon,Coming Home,JOHANA,Vincent,Pat,Ralph,A,B,B,B,B,CAROLEE
994,KASSANDRA,Song 2,JOHANA,Vincenzo,Pat,Ralph,A,B,A,B,B,Mike
995,MORA,Hello Goodbye,JOHANA,Tristin,Pat,Ralph,B,B,B,B,B,HILMA
996,Shane,Heavy Metal,JOHANA,Tristin,Pat,Ralph,C,B,B,B,B,Arturo
997,MARIETTE,How Can I Refuse,JOHANA,Heriberto,Pat,Ralph,C,B,A,B,B,KATY
998,Darren,The Battle Of Evermore,JOHANA,Heriberto,Pat,Ralph,B,B,A,B,B,ECHO
999,TAMIE,THE LAST TIME,JOHANA,Kameron,Pat,Ralph,A,B,B,B,B,JEANNA
1000,ZORA,The Passenger,JOHANA,Kameron,Pat,Ralph,A,B,B,B,B,TAINA
1001,Paul,Industrial Disease,JOHANA,Marques,Pat,Ralph,C,B,C,B,B,ESTELA
1002,Amari,Youth Gone Wild,JOHANA,Billy,Pat,Ralph,A,B,C,B,B,CHELSEA
1003,SUSANNA,Soul Kitchen,JOHANA,Rogelio,Pat,Ralph,C,B,B,B,B,CAROL
1004,GIA,Run With The Pack,JOHANA,Steven,Pat,Ralph,B,B,A,B,B,TYLER
1005,KELLE,Oye Como Va,JOHANA,Ethan,Pat,Ralph,C,B,A,B,B,Isai
1006,Cole,Lucy In The Sky With Diamonds,JOHANA,Howard,Pat,Ralph,A,B,A,B,B,EDDA
1007,Ibrahim,Take the Money and Run,JOHANA,Zechariah,Pat,Ralph,A,B,C,B,B,Jaxson
1008,MEAGHAN,Spirits In The Material World,JOHANA,Randy,Pat,Ralph,C,B,A,B,B,CAMERON
1009,VALERY,WAITIN' FOR THE BUS/JESUS JUST LEFT CHICAGO,JOHANA,Matthew,Pat,Ralph,A,B,B,B,B,Gavin
1010,JAYNA,I'm Leaving,JOHANA,Roy,Pat,Ralph,C,B,C,B,B,Carlton
1011,Israel,Finish What Ya Started,JOHANA,Kellen,Pat,Ralph,A,B,B,B,B,GLENDORA
1012,HOA,You Took The Words Right Out Of My Mouth,BRANDON,Vincent,Pat,Ralph,B,A,B,A,A,ANN
1013,PHUNG,Rio,BRANDON,Tommy,Pat,Ralph,B,A,C,A,A,Mario
1014,CAROL,Hold Your Head Up,BRANDON,Vincenzo,Pat,Ralph,A,A,A,A,A,Tyree
1015,PHYLICIA,Heartbreaker,BRANDON,Vincenzo,Pat,Ralph,B,A,A,A,A,Jamel
1016,YULANDA,No Easy Way Out,BRANDON,Tristin,Pat,Ralph,A,A,B,A,A,CHIA
1017,ANN,Live and Let Die,BRANDON,Eli,Pat,Ralph,B,A,A,A,A,SHARMAINE
1018,NEOMI,Jesus Is Just Alright,BRANDON,Reid,Pat,Ralph,C,A,A,A,A,RISA
1019,Jamel,Rockstar,BRANDON,Reid,Pat,Ralph,C,A,A,A,A,Malachi
1020,KERSTIN,Funk #49,BRANDON,Douglas,Pat,Ralph,C,A,C,A,A,Gerard
1021,Gregory,Hey Jude (Live),BRANDON,Anderson,Pat,Ralph,B,A,B,A,A,Cristopher
1022,Ezequiel,Gimme Shelter,BRANDON,Anderson,Pat,Ralph,A,A,B,A,A,TEREASA
1023,GERALDINE,Free Bird,BRANDON,Marques,Pat,Ralph,B,A,C,A,A,LAMONICA
1024,Kendrick,With A Little Help From My Friends,BRANDON,Marques,Pat,Ralph,C,A,C,A,A,Nickolas
1025,Turner,Funeral for a Friend (Love Lies Bleeding),BRANDON,Draven,Pat,Ralph,C,A,A,A,A,Korey
1026,TERESE,Since You're Gone,BRANDON,Allan,Pat,Ralph,C,A,B,A,A,Mario
1027,GLENDORA,Love Is Like Oxygen,BRANDON,Tobias,Pat,Ralph,C,A,C,A,A,Blaze
1028,Zackery,867-5309 / Jenny,BRANDON,Javon,Pat,Ralph,A,A,B,A,A,LOVE
1029,GRAYCE,CAN'T GET IT OUT OF MY HEAD,BRANDON,Garrison,Pat,Ralph,C,A,B,A,A,HOA
1030,KARAN,"Blue Morning, Blue Day",BRANDON,Braydon,Pat,Ralph,C,A,C,A,A,Braxton
1031,ROBBIN,Landslide,BRANDON,Warren,Pat,Ralph,A,A,C,A,A,Emilio
1032,Jaden,I Can't Tell You Why,BRANDON,Howard,Pat,Ralph,B,A,A,A,A,Jaxson
1033,Gavin,With a Little Help From My Friends,BRANDON,Karson,Pat,Ralph,B,A,A,A,A,Bruce
1034,FANNY,Piece of Your Action,BRANDON,Alfonso,Pat,Ralph,A,A,C,A,A,Bryson
1035,Rolando,The Dogs Of War,BRANDON,Zachery,Pat,Ralph,C,A,A,A,A,Andreas
1036,Alonzo,Another Day,BRANDON,Kellen,Pat,Ralph,A,A,B,A,A,FERNE
1037,LINNIE,Are You Gonna Go My Way,AKILAH,Kameron,Mary,Ralph,B,C,B,C,C,Rick
1038,Misael,Knockin' On Heaven's Door,AKILAH,Dashawn,Mary,Ralph,B,C,A,C,C,Maverick
1039,HOLLI,Gypsy,AKILAH,Reid,Mary,Ralph,A,C,A,C,C,LARRY
1040,Grady,Dream Weaver,AKILAH,Reid,Mary,Ralph,B,C,A,C,C,JENNIFER
1041,ENEIDA,Rock The Casbah,AKILAH,Simeon,Mary,Ralph,A,C,B,C,C,Alden
1042,Kelvin,And It Stoned Me,AKILAH,Billy,Mary,Ralph,B,C,C,C,C,Shannon
1043,Moshe,Top of the World,AKILAH,Ralph,Mary,Ralph,A,C,B,C,C,NU
1044,SHANTI,Jungleland,AKILAH,Javon,Mary,Ralph,A,C,B,C,C,Kory
1045,Kamron,Couldn't Stand the Weather,AKILAH,Bobby,Mary,Ralph,A,C,C,C,C,Cornelius
1046,TANESHA,Elected,AKILAH,Warren,Mary,Ralph,A,C,C,C,C,Anderson
1047,Terrence,What Do You Do For Money Honey,AKILAH,Warren,Mary,Ralph,A,C,C,C,C,Irvin
1048,SANORA,Breakdown,AKILAH,Landon,Mary,Ralph,B,C,A,C,C,Kieran
1049,Sincere,Peg,AKILAH,Matthew,Mary,Ralph,C,C,B,C,C,Dillon
1050,ADELE,The Rain Song,AKILAH,Karson,Mary,Ralph,B,C,A,C,C,Marc
1051,DORTHY,Down On the Corner,AKILAH,Kellen,Mary,Ralph,C,C,B,C,C,Arturo
